,nodes
9606.ENSP00000323929,0
9606.ENSP00000361423,1
9606.ENSP00000427562,2
9606.ENSP00000387356,3
9606.ENSP00000389326,4
9606.ENSP00000272067,5
9606.ENSP00000218758,6
9606.ENSP00000442656,7
9606.ENSP00000373574,8
9606.ENSP00000384296,9
9606.ENSP00000357668,10
9606.ENSP00000419446,11
9606.ENSP00000284984,12
9606.ENSP00000360997,13
9606.ENSP00000299164,14
9606.ENSP00000356975,15
9606.ENSP00000284987,16
9606.ENSP00000462647,17
9606.ENSP00000319883,18
9606.ENSP00000242786,19
9606.ENSP00000389814,20
9606.ENSP00000436607,21
9606.ENSP00000485525,22
9606.ENSP00000226355,23
9606.ENSP00000379138,24
9606.ENSP00000364210,25
9606.ENSP00000391490,26
9606.ENSP00000290953,27
9606.ENSP00000355627,28
9606.ENSP00000273784,29
9606.ENSP00000365227,30
9606.ENSP00000378191,31
9606.ENSP00000279146,32
9606.ENSP00000223836,33
9606.ENSP00000361140,34
9606.ENSP00000235835,35
9606.ENSP00000375892,36
9606.ENSP00000295897,37
9606.ENSP00000305988,38
9606.ENSP00000496166,39
9606.ENSP00000221496,40
9606.ENSP00000266581,41
9606.ENSP00000299155,42
9606.ENSP00000336762,43
9606.ENSP00000428340,44
9606.ENSP00000314897,45
9606.ENSP00000371347,46
9606.ENSP00000360170,47
9606.ENSP00000301455,48
9606.ENSP00000349588,49
9606.ENSP00000345848,50
9606.ENSP00000366109,51
9606.ENSP00000346032,52
9606.ENSP00000296511,53
9606.ENSP00000346550,54
9606.ENSP00000255040,55
9606.ENSP00000236850,56
9606.ENSP00000233242,57
9606.ENSP00000345179,58
9606.ENSP00000252486,59
9606.ENSP00000317674,60
9606.ENSP00000365081,61
9606.ENSP00000284981,62
9606.ENSP00000379097,63
9606.ENSP00000349446,64
9606.ENSP00000263620,65
9606.ENSP00000454341,66
9606.ENSP00000216124,67
9606.ENSP00000264914,68
9606.ENSP00000387435,69
9606.ENSP00000378897,70
9606.ENSP00000269299,71
9606.ENSP00000262030,72
9606.ENSP00000290299,73
9606.ENSP00000216911,74
9606.ENSP00000313950,75
9606.ENSP00000233997,76
9606.ENSP00000497910,77
9606.ENSP00000378040,78
9606.ENSP00000270233,79
9606.ENSP00000331210,80
9606.ENSP00000260502,81
9606.ENSP00000381185,82
9606.ENSP00000267953,83
9606.ENSP00000365230,84
9606.ENSP00000250405,85
9606.ENSP00000384371,86
9606.ENSP00000414303,87
9606.ENSP00000357255,88
9606.ENSP00000327336,89
9606.ENSP00000318822,90
9606.ENSP00000263464,91
9606.ENSP00000301633,92
9606.ENSP00000217169,93
9606.ENSP00000305714,94
9606.ENSP00000295379,95
9606.ENSP00000283147,96
9606.ENSP00000379204,97
9606.ENSP00000497748,98
9606.ENSP00000361107,99
9606.ENSP00000363708,100
9606.ENSP00000350224,101
9606.ENSP00000273395,102
9606.ENSP00000262865,103
9606.ENSP00000448387,104
9606.ENSP00000333769,105
9606.ENSP00000265016,106
9606.ENSP00000379092,107
9606.ENSP00000483570,108
9606.ENSP00000225698,109
9606.ENSP00000444271,110
9606.ENSP00000299367,111
9606.ENSP00000245907,112
9606.ENSP00000223642,113
9606.ENSP00000263413,114
9606.ENSP00000322061,115
9606.ENSP00000263408,116
9606.ENSP00000430656,117
9606.ENSP00000405388,118
9606.ENSP00000318912,119
9606.ENSP00000285379,120
9606.ENSP00000285381,121
9606.ENSP00000300900,122
9606.ENSP00000366654,123
9606.ENSP00000345659,124
9606.ENSP00000367608,125
9606.ENSP00000329797,126
9606.ENSP00000357106,127
9606.ENSP00000320866,128
9606.ENSP00000256460,129
9606.ENSP00000478874,130
9606.ENSP00000500386,131
9606.ENSP00000379098,132
9606.ENSP00000425824,133
9606.ENSP00000371188,134
9606.ENSP00000263867,135
9606.ENSP00000286186,136
9606.ENSP00000312664,137
9606.ENSP00000311032,138
9606.ENSP00000422176,139
9606.ENSP00000241052,140
9606.ENSP00000209875,141
9606.ENSP00000206423,142
9606.ENSP00000225842,143
9606.ENSP00000302234,144
9606.ENSP00000225844,145
9606.ENSP00000479097,146
9606.ENSP00000484078,147
9606.ENSP00000478024,148
9606.ENSP00000219244,149
9606.ENSP00000479955,150
9606.ENSP00000308815,151
9606.ENSP00000225831,152
9606.ENSP00000351671,153
9606.ENSP00000259607,154
9606.ENSP00000219235,155
9606.ENSP00000481357,156
9606.ENSP00000400533,157
9606.ENSP00000375086,158
9606.ENSP00000378365,159
9606.ENSP00000259631,160
9606.ENSP00000354416,161
9606.ENSP00000477908,162
9606.ENSP00000480558,163
9606.ENSP00000483330,164
9606.ENSP00000474412,165
9606.ENSP00000367832,166
9606.ENSP00000378118,167
9606.ENSP00000356954,168
9606.ENSP00000259526,169
9606.ENSP00000250160,170
9606.ENSP00000357655,171
9606.ENSP00000256442,172
9606.ENSP00000287097,173
9606.ENSP00000352071,174
9606.ENSP00000479536,175
9606.ENSP00000420298,176
9606.ENSP00000311035,177
9606.ENSP00000386378,178
9606.ENSP00000315477,179
9606.ENSP00000085219,180
9606.ENSP00000461947,181
9606.ENSP00000357012,182
9606.ENSP00000266557,183
9606.ENSP00000370989,184
9606.ENSP00000329507,185
9606.ENSP00000262262,186
9606.ENSP00000415743,187
9606.ENSP00000226279,188
9606.ENSP00000011653,189
9606.ENSP00000359663,190
9606.ENSP00000355361,191
9606.ENSP00000484431,192
9606.ENSP00000356030,193
9606.ENSP00000498879,194
9606.ENSP00000357156,195
9606.ENSP00000447730,196
9606.ENSP00000395294,197
9606.ENSP00000264246,198
9606.ENSP00000368450,199
9606.ENSP00000312367,200
9606.ENSP00000332049,201
9606.ENSP00000246006,202
9606.ENSP00000222005,203
9606.ENSP00000355237,204
9606.ENSP00000261769,205
9606.ENSP00000371689,206
9606.ENSP00000289746,207
9606.ENSP00000269141,208
9606.ENSP00000264012,209
9606.ENSP00000497290,210
9606.ENSP00000265071,211
9606.ENSP00000228872,212
9606.ENSP00000419395,213
9606.ENSP00000376458,214
9606.ENSP00000305422,215
9606.ENSP00000416561,216
9606.ENSP00000259216,217
9606.ENSP00000468253,218
9606.ENSP00000356399,219
9606.ENSP00000256785,220
9606.ENSP00000378131,221
9606.ENSP00000432660,222
9606.ENSP00000247153,223
9606.ENSP00000391090,224
9606.ENSP00000372023,225
9606.ENSP00000216492,226
9606.ENSP00000255409,227
9606.ENSP00000356198,228
9606.ENSP00000256509,229
9606.ENSP00000361112,230
9606.ENSP00000333947,231
9606.ENSP00000307911,232
9606.ENSP00000328983,233
9606.ENSP00000367276,234
9606.ENSP00000299198,235
9606.ENSP00000221476,236
9606.ENSP00000221804,237
9606.ENSP00000250340,238
9606.ENSP00000298527,239
9606.ENSP00000316228,240
9606.ENSP00000302569,241
9606.ENSP00000364935,242
9606.ENSP00000315130,243
9606.ENSP00000250378,244
9606.ENSP00000360939,245
9606.ENSP00000351682,246
9606.ENSP00000325548,247
9606.ENSP00000355370,248
9606.ENSP00000368265,249
9606.ENSP00000447006,250
9606.ENSP00000330633,251
9606.ENSP00000380602,252
9606.ENSP00000435637,253
9606.ENSP00000352798,254
9606.ENSP00000375069,255
9606.ENSP00000261037,256
9606.ENSP00000411770,257
9606.ENSP00000383115,258
9606.ENSP00000278980,259
9606.ENSP00000262428,260
9606.ENSP00000181383,261
9606.ENSP00000386104,262
9606.ENSP00000317257,263
9606.ENSP00000321856,264
9606.ENSP00000389026,265
9606.ENSP00000300574,266
9606.ENSP00000370978,267
9606.ENSP00000255030,268
9606.ENSP00000227348,269
9606.ENSP00000370966,270
9606.ENSP00000327513,271
9606.ENSP00000286301,272
9606.ENSP00000296871,273
9606.ENSP00000225474,274
9606.ENSP00000362195,275
9606.ENSP00000220003,276
9606.ENSP00000217244,277
9606.ENSP00000431813,278
9606.ENSP00000305731,279
9606.ENSP00000307540,280
9606.ENSP00000381448,281
9606.ENSP00000217423,282
9606.ENSP00000307132,283
9606.ENSP00000311313,284
9606.ENSP00000420384,285
9606.ENSP00000279804,286
9606.ENSP00000497102,287
9606.ENSP00000361562,288
9606.ENSP00000345672,289
9606.ENSP00000227266,290
9606.ENSP00000236671,291
9606.ENSP00000350911,292
9606.ENSP00000310832,293
9606.ENSP00000216336,294
9606.ENSP00000220166,295
9606.ENSP00000357981,296
9606.ENSP00000259470,297
9606.ENSP00000217131,298
9606.ENSP00000006053,299
9606.ENSP00000379110,300
9606.ENSP00000305651,301
9606.ENSP00000306884,302
9606.ENSP00000379140,303
9606.ENSP00000286758,304
9606.ENSP00000293778,305
9606.ENSP00000296027,306
9606.ENSP00000226317,307
9606.ENSP00000306512,308
9606.ENSP00000354901,309
9606.ENSP00000307786,310
9606.ENSP00000498939,311
9606.ENSP00000484390,312
9606.ENSP00000417653,313
9606.ENSP00000052754,314
9606.ENSP00000408910,315
9606.ENSP00000322524,316
9606.ENSP00000403644,317
9606.ENSP00000427552,318
9606.ENSP00000356899,319
9606.ENSP00000455813,320
9606.ENSP00000497483,321
9606.ENSP00000499058,322
9606.ENSP00000363081,323
9606.ENSP00000433112,324
9606.ENSP00000220812,325
9606.ENSP00000221498,326
9606.ENSP00000355718,327
9606.ENSP00000249749,328
9606.ENSP00000254322,329
9606.ENSP00000372005,330
9606.ENSP00000360635,331
9606.ENSP00000356791,332
9606.ENSP00000280904,333
9606.ENSP00000353608,334
9606.ENSP00000383303,335
9606.ENSP00000257192,336
9606.ENSP00000226004,337
9606.ENSP00000376297,338
9606.ENSP00000349679,339
9606.ENSP00000356076,340
9606.ENSP00000364028,341
9606.ENSP00000358045,342
9606.ENSP00000363680,343
9606.ENSP00000379365,344
9606.ENSP00000258443,345
9606.ENSP00000376055,346
9606.ENSP00000378058,347
9606.ENSP00000215368,348
9606.ENSP00000357393,349
9606.ENSP00000414378,350
9606.ENSP00000328777,351
9606.ENSP00000204961,352
9606.ENSP00000493716,353
9606.ENSP00000226091,354
9606.ENSP00000265171,355
9606.ENSP00000275493,356
9606.ENSP00000379078,357
9606.ENSP00000497641,358
9606.ENSP00000433664,359
9606.ENSP00000265753,360
9606.ENSP00000216554,361
9606.ENSP00000336702,362
9606.ENSP00000466090,363
9606.ENSP00000362299,364
9606.ENSP00000495530,365
9606.ENSP00000437402,366
9606.ENSP00000332656,367
9606.ENSP00000360250,368
9606.ENSP00000301825,369
9606.ENSP00000335246,370
9606.ENSP00000345259,371
9606.ENSP00000275815,372
9606.ENSP00000362139,373
9606.ENSP00000351209,374
9606.ENSP00000337451,375
9606.ENSP00000480763,376
9606.ENSP00000383053,377
9606.ENSP00000350896,378
9606.ENSP00000481994,379
9606.ENSP00000252723,380
9606.ENSP00000222139,381
9606.ENSP00000393313,382
9606.ENSP00000296754,383
9606.ENSP00000269571,384
9606.ENSP00000267101,385
9606.ENSP00000342235,386
9606.ENSP00000244869,387
9606.ENSP00000261735,388
9606.ENSP00000278927,389
9606.ENSP00000367992,390
9606.ENSP00000370812,391
9606.ENSP00000405330,392
9606.ENSP00000292147,393
9606.ENSP00000364709,394
9606.ENSP00000384957,395
9606.ENSP00000308541,396
9606.ENSP00000334145,397
9606.ENSP00000356771,398
9606.ENSP00000364731,399
9606.ENSP00000218099,400
9606.ENSP00000295834,401
9606.ENSP00000362817,402
9606.ENSP00000297258,403
9606.ENSP00000419124,404
9606.ENSP00000181796,405
9606.ENSP00000350673,406
9606.ENSP00000188790,407
9606.ENSP00000498466,408
9606.ENSP00000356694,409
9606.ENSP00000347714,410
9606.ENSP00000264072,411
9606.ENSP00000358165,412
9606.ENSP00000271450,413
9606.ENSP00000351497,414
9606.ENSP00000433642,415
9606.ENSP00000360871,416
9606.ENSP00000291744,417
9606.ENSP00000270879,418
9606.ENSP00000357169,419
9606.ENSP00000281092,420
9606.ENSP00000265029,421
9606.ENSP00000480791,422
9606.ENSP00000264664,423
9606.ENSP00000413496,424
9606.ENSP00000399324,425
9606.ENSP00000352414,426
9606.ENSP00000274625,427
9606.ENSP00000294312,428
9606.ENSP00000264498,429
9606.ENSP00000180166,430
9606.ENSP00000237837,431
9606.ENSP00000168712,432
9606.ENSP00000311697,433
9606.ENSP00000228837,434
9606.ENSP00000267843,435
9606.ENSP00000321797,436
9606.ENSP00000371790,437
9606.ENSP00000393312,438
9606.ENSP00000410294,439
9606.ENSP00000339824,440
9606.ENSP00000292408,441
9606.ENSP00000336829,442
9606.ENSP00000363117,443
9606.ENSP00000246841,444
9606.ENSP00000332879,445
9606.ENSP00000339912,446
9606.ENSP00000241453,447
9606.ENSP00000469613,448
9606.ENSP00000261937,449
9606.ENSP00000346839,450
9606.ENSP00000256999,451
9606.ENSP00000295113,452
9606.ENSP00000256759,453
9606.ENSP00000295633,454
9606.ENSP00000166139,455
9606.ENSP00000380856,456
9606.ENSP00000305603,457
9606.ENSP00000466880,458
9606.ENSP00000346671,459
9606.ENSP00000380070,460
9606.ENSP00000298743,461
9606.ENSP00000387662,462
9606.ENSP00000264717,463
9606.ENSP00000257868,464
9606.ENSP00000252809,465
9606.ENSP00000463051,466
9606.ENSP00000363492,467
9606.ENSP00000367942,468
9606.ENSP00000369538,469
9606.ENSP00000409007,470
9606.ENSP00000253408,471
9606.ENSP00000347591,472
9606.ENSP00000428518,473
9606.ENSP00000274721,474
9606.ENSP00000312673,475
9606.ENSP00000483403,476
9606.ENSP00000335074,477
9606.ENSP00000436423,478
9606.ENSP00000258145,479
9606.ENSP00000359539,480
9606.ENSP00000329380,481
9606.ENSP00000308782,482
9606.ENSP00000292377,483
9606.ENSP00000377836,484
9606.ENSP00000366267,485
9606.ENSP00000366246,486
9606.ENSP00000301149,487
9606.ENSP00000405573,488
9606.ENSP00000371420,489
9606.ENSP00000378408,490
9606.ENSP00000339186,491
9606.ENSP00000376345,492
9606.ENSP00000498748,493
9606.ENSP00000312262,494
9606.ENSP00000053867,495
9606.ENSP00000256857,496
9606.ENSP00000362924,497
9606.ENSP00000211122,498
9606.ENSP00000381607,499
9606.ENSP00000274306,500
9606.ENSP00000216341,501
9606.ENSP00000216338,502
9606.ENSP00000339566,503
9606.ENSP00000355656,504
9606.ENSP00000296417,505
9606.ENSP00000358151,506
9606.ENSP00000352252,507
9606.ENSP00000294973,508
9606.ENSP00000471894,509
9606.ENSP00000274341,510
9606.ENSP00000264108,511
9606.ENSP00000312002,512
9606.ENSP00000230990,513
9606.ENSP00000365012,514
9606.ENSP00000362674,515
9606.ENSP00000483345,516
9606.ENSP00000222390,517
9606.ENSP00000421801,518
9606.ENSP00000350402,519
9606.ENSP00000265395,520
9606.ENSP00000437955,521
9606.ENSP00000304229,522
9606.ENSP00000304226,523
9606.ENSP00000337014,524
9606.ENSP00000494664,525
9606.ENSP00000290573,526
9606.ENSP00000345347,527
9606.ENSP00000287936,528
9606.ENSP00000370125,529
9606.ENSP00000477572,530
9606.ENSP00000346694,531
9606.ENSP00000425031,532
9606.ENSP00000365458,533
9606.ENSP00000348170,534
9606.ENSP00000296522,535
9606.ENSP00000265983,536
9606.ENSP00000232003,537
9606.ENSP00000259241,538
9606.ENSP00000225929,539
9606.ENSP00000168216,540
9606.ENSP00000360609,541
9606.ENSP00000364802,542
9606.ENSP00000437125,543
9606.ENSP00000248553,544
9606.ENSP00000340019,545
9606.ENSP00000258080,546
9606.ENSP00000226284,547
9606.ENSP00000264832,548
9606.ENSP00000415283,549
9606.ENSP00000160262,550
9606.ENSP00000221980,551
9606.ENSP00000319476,552
9606.ENSP00000339477,553
9606.ENSP00000265986,554
9606.ENSP00000339801,555
9606.ENSP00000247933,556
9606.ENSP00000369566,557
9606.ENSP00000369554,558
9606.ENSP00000239347,559
9606.ENSP00000270139,560
9606.ENSP00000369581,561
9606.ENSP00000229135,562
9606.ENSP00000356713,563
9606.ENSP00000371425,564
9606.ENSP00000329991,565
9606.ENSP00000333639,566
9606.ENSP00000376637,567
9606.ENSP00000497069,568
9606.ENSP00000349437,569
9606.ENSP00000275525,570
9606.ENSP00000233809,571
9606.ENSP00000370473,572
9606.ENSP00000269593,573
9606.ENSP00000233813,574
9606.ENSP00000301464,575
9606.ENSP00000295666,576
9606.ENSP00000412237,577
9606.ENSP00000227752,578
9606.ENSP00000290200,579
9606.ENSP00000264563,580
9606.ENSP00000470788,581
9606.ENSP00000262345,582
9606.ENSP00000304915,583
9606.ENSP00000360730,584
9606.ENSP00000380421,585
9606.ENSP00000302935,586
9606.ENSP00000497968,587
9606.ENSP00000261796,588
9606.ENSP00000302924,589
9606.ENSP00000337432,590
9606.ENSP00000320936,591
9606.ENSP00000288167,592
9606.ENSP00000295981,593
9606.ENSP00000296318,594
9606.ENSP00000434717,595
9606.ENSP00000387211,596
9606.ENSP00000264260,597
9606.ENSP00000499459,598
9606.ENSP00000263339,599
9606.ENSP00000263341,600
9606.ENSP00000386380,601
9606.ENSP00000330959,602
9606.ENSP00000314807,603
9606.ENSP00000361663,604
9606.ENSP00000233954,605
9606.ENSP00000264257,606
9606.ENSP00000259206,607
9606.ENSP00000226730,608
9606.ENSP00000356065,609
9606.ENSP00000314976,610
9606.ENSP00000442424,611
9606.ENSP00000270800,612
9606.ENSP00000296980,613
9606.ENSP00000321345,614
9606.ENSP00000375795,615
9606.ENSP00000328111,616
9606.ENSP00000263379,617
9606.ENSP00000369293,618
9606.ENSP00000363318,619
9606.ENSP00000296870,620
9606.ENSP00000397863,621
9606.ENSP00000259211,622
9606.ENSP00000259213,623
9606.ENSP00000263326,624
9606.ENSP00000327890,625
9606.ENSP00000231449,626
9606.ENSP00000379111,627
9606.ENSP00000231454,628
9606.ENSP00000412209,629
9606.ENSP00000385675,630
9606.ENSP00000357470,631
9606.ENSP00000370698,632
9606.ENSP00000263851,633
9606.ENSP00000306157,634
9606.ENSP00000274520,635
9606.ENSP00000345096,636
9606.ENSP00000321584,637
9606.ENSP00000364929,638
9606.ENSP00000242208,639
9606.ENSP00000380432,640
9606.ENSP00000303830,641
9606.ENSP00000245414,642
9606.ENSP00000496832,643
9606.ENSP00000355402,644
9606.ENSP00000266041,645
9606.ENSP00000254958,646
9606.ENSP00000328169,647
9606.ENSP00000371067,648
9606.ENSP00000383376,649
9606.ENSP00000299106,650
9606.ENSP00000348635,651
9606.ENSP00000360266,652
9606.ENSP00000265713,653
9606.ENSP00000263923,654
9606.ENSP00000377245,655
9606.ENSP00000260363,656
9606.ENSP00000339634,657
9606.ENSP00000325525,658
9606.ENSP00000435466,659
9606.ENSP00000288135,660
9606.ENSP00000473047,661
9606.ENSP00000250351,662
9606.ENSP00000470555,663
9606.ENSP00000375678,664
9606.ENSP00000314151,665
9606.ENSP00000326159,666
9606.ENSP00000337733,667
9606.ENSP00000366047,668
9606.ENSP00000470538,669
9606.ENSP00000375682,670
9606.ENSP00000264690,671
9606.ENSP00000483713,672
9606.ENSP00000240618,673
9606.ENSP00000493985,674
9606.ENSP00000438483,675
9606.ENSP00000290158,676
9606.ENSP00000256078,677
9606.ENSP00000304422,678
9606.ENSP00000373489,679
9606.ENSP00000264170,680
9606.ENSP00000359077,681
9606.ENSP00000203629,682
9606.ENSP00000364765,683
9606.ENSP00000217407,684
9606.ENSP00000477713,685
9606.ENSP00000362108,686
9606.ENSP00000371661,687
9606.ENSP00000454071,688
9606.ENSP00000312652,689
9606.ENSP00000330393,690
9606.ENSP00000215886,691
9606.ENSP00000254301,692
9606.ENSP00000262776,693
9606.ENSP00000302100,694
9606.ENSP00000367891,695
9606.ENSP00000435460,696
9606.ENSP00000378856,697
9606.ENSP00000376911,698
9606.ENSP00000398368,699
9606.ENSP00000315997,700
9606.ENSP00000375629,701
9606.ENSP00000221459,702
9606.ENSP00000303366,703
9606.ENSP00000261366,704
9606.ENSP00000262290,705
9606.ENSP00000326759,706
9606.ENSP00000243077,707
9606.ENSP00000374135,708
9606.ENSP00000303634,709
9606.ENSP00000497444,710
9606.ENSP00000298910,711
9606.ENSP00000295057,712
9606.ENSP00000355187,713
9606.ENSP00000419000,714
9606.ENSP00000403495,715
9606.ENSP00000228740,716
9606.ENSP00000311905,717
9606.ENSP00000228918,718
9606.ENSP00000231751,719
9606.ENSP00000266718,720
9606.ENSP00000369286,721
9606.ENSP00000263285,722
9606.ENSP00000428924,723
9606.ENSP00000244333,724
9606.ENSP00000256178,725
9606.ENSP00000261267,726
9606.ENSP00000302486,727
9606.ENSP00000262948,728
9606.ENSP00000345083,729
9606.ENSP00000410402,730
9606.ENSP00000215832,731
9606.ENSP00000333685,732
9606.ENSP00000215659,733
9606.ENSP00000211287,734
9606.ENSP00000229795,735
9606.ENSP00000263025,736
9606.ENSP00000378974,737
9606.ENSP00000394560,738
9606.ENSP00000356070,739
9606.ENSP00000396467,740
9606.ENSP00000449381,741
9606.ENSP00000340820,742
9606.ENSP00000296280,743
9606.ENSP00000378485,744
9606.ENSP00000254898,745
9606.ENSP00000383894,746
9606.ENSP00000352835,747
9606.ENSP00000249910,748
9606.ENSP00000363079,749
9606.ENSP00000358022,750
9606.ENSP00000385451,751
9606.ENSP00000258149,752
9606.ENSP00000300651,753
9606.ENSP00000378534,754
9606.ENSP00000317272,755
9606.ENSP00000296411,756
9606.ENSP00000325312,757
9606.ENSP00000268150,758
9606.ENSP00000470129,759
9606.ENSP00000413079,760
9606.ENSP00000252229,761
9606.ENSP00000215754,762
9606.ENSP00000367668,763
9606.ENSP00000322788,764
9606.ENSP00000279441,765
9606.ENSP00000458585,766
9606.ENSP00000260302,767
9606.ENSP00000308208,768
9606.ENSP00000286614,769
9606.ENSP00000353767,770
9606.ENSP00000219070,771
9606.ENSP00000299855,772
9606.ENSP00000260227,773
9606.ENSP00000236826,774
9606.ENSP00000361405,775
9606.ENSP00000361548,776
9606.ENSP00000225275,777
9606.ENSP00000455897,778
9606.ENSP00000307513,779
9606.ENSP00000372313,780
9606.ENSP00000353408,781
9606.ENSP00000405453,782
9606.ENSP00000414287,783
9606.ENSP00000296474,784
9606.ENSP00000260950,785
9606.ENSP00000484824,786
9606.ENSP00000400908,787
9606.ENSP00000478887,788
9606.ENSP00000303584,789
9606.ENSP00000286733,790
9606.ENSP00000448035,791
9606.ENSP00000477639,792
9606.ENSP00000222553,793
9606.ENSP00000229307,794
9606.ENSP00000263354,795
9606.ENSP00000289749,796
9606.ENSP00000480132,797
9606.ENSP00000417273,798
9606.ENSP00000291890,799
9606.ENSP00000362181,800
9606.ENSP00000342156,801
9606.ENSP00000350364,802
9606.ENSP00000358525,803
9606.ENSP00000264187,804
9606.ENSP00000216286,805
9606.ENSP00000370483,806
9606.ENSP00000337060,807
9606.ENSP00000376886,808
9606.ENSP00000468424,809
9606.ENSP00000328181,810
9606.ENSP00000498587,811
9606.ENSP00000256646,812
9606.ENSP00000263388,813
9606.ENSP00000365663,814
9606.ENSP00000365651,815
9606.ENSP00000246672,816
9606.ENSP00000231509,817
9606.ENSP00000368314,818
9606.ENSP00000287842,819
9606.ENSP00000378367,820
9606.ENSP00000265371,821
9606.ENSP00000385142,822
9606.ENSP00000489551,823
9606.ENSP00000418529,824
9606.ENSP00000397297,825
9606.ENSP00000469455,826
9606.ENSP00000173229,827
9606.ENSP00000340998,828
9606.ENSP00000431418,829
9606.ENSP00000277120,830
9606.ENSP00000354207,831
9606.ENSP00000347626,832
9606.ENSP00000384551,833
9606.ENSP00000388001,834
9606.ENSP00000370882,835
9606.ENSP00000219022,836
9606.ENSP00000309124,837
9606.ENSP00000364700,838
9606.ENSP00000330862,839
9606.ENSP00000215781,840
9606.ENSP00000327801,841
9606.ENSP00000302886,842
9606.ENSP00000435289,843
9606.ENSP00000353864,844
9606.ENSP00000367686,845
9606.ENSP00000453858,846
9606.ENSP00000330658,847
9606.ENSP00000340278,848
9606.ENSP00000368458,849
9606.ENSP00000325917,850
9606.ENSP00000303208,851
9606.ENSP00000380855,852
9606.ENSP00000286063,853
9606.ENSP00000410309,854
9606.ENSP00000334910,855
9606.ENSP00000351957,856
9606.ENSP00000345502,857
9606.ENSP00000347046,858
9606.ENSP00000385632,859
9606.ENSP00000291539,860
9606.ENSP00000346508,861
9606.ENSP00000330382,862
9606.ENSP00000422464,863
9606.ENSP00000257290,864
9606.ENSP00000261799,865
9606.ENSP00000300289,866
9606.ENSP00000376352,867
9606.ENSP00000344220,868
9606.ENSP00000291565,869
9606.ENSP00000215904,870
9606.ENSP00000261313,871
9606.ENSP00000457421,872
9606.ENSP00000346725,873
9606.ENSP00000391601,874
9606.ENSP00000296029,875
9606.ENSP00000447942,876
9606.ENSP00000359991,877
9606.ENSP00000270776,878
9606.ENSP00000451040,879
9606.ENSP00000362413,880
9606.ENSP00000008938,881
9606.ENSP00000360124,882
9606.ENSP00000243924,883
9606.ENSP00000442157,884
9606.ENSP00000262971,885
9606.ENSP00000348888,886
9606.ENSP00000419260,887
9606.ENSP00000362608,888
9606.ENSP00000320171,889
9606.ENSP00000393847,890
9606.ENSP00000312286,891
9606.ENSP00000383364,892
9606.ENSP00000364257,893
9606.ENSP00000364249,894
9606.ENSP00000274793,895
9606.ENSP00000220809,896
9606.ENSP00000361850,897
9606.ENSP00000339328,898
9606.ENSP00000244007,899
9606.ENSP00000308938,900
9606.ENSP00000300093,901
9606.ENSP00000352288,902
9606.ENSP00000258526,903
9606.ENSP00000384092,904
9606.ENSP00000222381,905
9606.ENSP00000419970,906
9606.ENSP00000369071,907
9606.ENSP00000362329,908
9606.ENSP00000296028,909
9606.ENSP00000419425,910
9606.ENSP00000300026,911
9606.ENSP00000303754,912
9606.ENSP00000361918,913
9606.ENSP00000225174,914
9606.ENSP00000234310,915
9606.ENSP00000466009,916
9606.ENSP00000262746,917
9606.ENSP00000265462,918
9606.ENSP00000342026,919
9606.ENSP00000309591,920
9606.ENSP00000408695,921
9606.ENSP00000496129,922
9606.ENSP00000331602,923
9606.ENSP00000263431,924
9606.ENSP00000295797,925
9606.ENSP00000263125,926
9606.ENSP00000367830,927
9606.ENSP00000302150,928
9606.ENSP00000482954,929
9606.ENSP00000234071,930
9606.ENSP00000271331,931
9606.ENSP00000377783,932
9606.ENSP00000308720,933
9606.ENSP00000488437,934
9606.ENSP00000161006,935
9606.ENSP00000306390,936
9606.ENSP00000354280,937
9606.ENSP00000234347,938
9606.ENSP00000414359,939
9606.ENSP00000223321,940
9606.ENSP00000261479,941
9606.ENSP00000219313,942
9606.ENSP00000372155,943
9606.ENSP00000293362,944
9606.ENSP00000245810,945
9606.ENSP00000361021,946
9606.ENSP00000356438,947
9606.ENSP00000433208,948
9606.ENSP00000441765,949
9606.ENSP00000341189,950
9606.ENSP00000442460,951
9606.ENSP00000341170,952
9606.ENSP00000360683,953
9606.ENSP00000489597,954
9606.ENSP00000311857,955
9606.ENSP00000391592,956
9606.ENSP00000353198,957
9606.ENSP00000348461,958
9606.ENSP00000304283,959
9606.ENSP00000493712,960
9606.ENSP00000446215,961
9606.ENSP00000418009,962
9606.ENSP00000274376,963
9606.ENSP00000267163,964
9606.ENSP00000253363,965
9606.ENSP00000360522,966
9606.ENSP00000233735,967
9606.ENSP00000346158,968
9606.ENSP00000064780,969
9606.ENSP00000272190,970
9606.ENSP00000347942,971
9606.ENSP00000221515,972
9606.ENSP00000452126,973
9606.ENSP00000308219,974
9606.ENSP00000313350,975
9606.ENSP00000463069,976
9606.ENSP00000417335,977
9606.ENSP00000380903,978
9606.ENSP00000360120,979
9606.ENSP00000272317,980
9606.ENSP00000278572,981
9606.ENSP00000346050,982
9606.ENSP00000368884,983
9606.ENSP00000479667,984
9606.ENSP00000495273,985
9606.ENSP00000389351,986
9606.ENSP00000276659,987
9606.ENSP00000349131,988
9606.ENSP00000217260,989
9606.ENSP00000043402,990
9606.ENSP00000405841,991
9606.ENSP00000357726,992
9606.ENSP00000357704,993
9606.ENSP00000357709,994
9606.ENSP00000357711,995
9606.ENSP00000357727,996
9606.ENSP00000384906,997
9606.ENSP00000246868,998
9606.ENSP00000264896,999
9606.ENSP00000263071,1000
9606.ENSP00000485276,1001
9606.ENSP00000244930,1002
9606.ENSP00000176195,1003
9606.ENSP00000331736,1004
9606.ENSP00000498227,1005
9606.ENSP00000263686,1006
9606.ENSP00000265362,1007
9606.ENSP00000496491,1008
9606.ENSP00000371936,1009
9606.ENSP00000257414,1010
9606.ENSP00000467290,1011
9606.ENSP00000416066,1012
9606.ENSP00000261994,1013
9606.ENSP00000450540,1014
9606.ENSP00000451172,1015
9606.ENSP00000333203,1016
9606.ENSP00000342850,1017
9606.ENSP00000329374,1018
9606.ENSP00000356671,1019
9606.ENSP00000215727,1020
9606.ENSP00000223095,1021
9606.ENSP00000415786,1022
9606.ENSP00000254722,1023
9606.ENSP00000321853,1024
9606.ENSP00000278407,1025
9606.ENSP00000361777,1026
9606.ENSP00000481917,1027
9606.ENSP00000340989,1028
9606.ENSP00000220772,1029
9606.ENSP00000361366,1030
9606.ENSP00000221566,1031
9606.ENSP00000360181,1032
9606.ENSP00000369816,1033
9606.ENSP00000401303,1034
9606.ENSP00000297261,1035
9606.ENSP00000341141,1036
9606.ENSP00000354090,1037
9606.ENSP00000401502,1038
9606.ENSP00000323328,1039
9606.ENSP00000413861,1040
9606.ENSP00000478763,1041
9606.ENSP00000249396,1042
9606.ENSP00000231487,1043
9606.ENSP00000357036,1044
9606.ENSP00000357022,1045
9606.ENSP00000329033,1046
9606.ENSP00000366288,1047
9606.ENSP00000366283,1048
9606.ENSP00000342082,1049
9606.ENSP00000262160,1050
9606.ENSP00000332973,1051
9606.ENSP00000355110,1052
9606.ENSP00000254976,1053
9606.ENSP00000500990,1054
9606.ENSP00000266735,1055
9606.ENSP00000251775,1056
9606.ENSP00000270142,1057
9606.ENSP00000446252,1058
9606.ENSP00000371554,1059
9606.ENSP00000422185,1060
9606.ENSP00000301691,1061
9606.ENSP00000231061,1062
9606.ENSP00000414856,1063
9606.ENSP00000313681,1064
9606.ENSP00000469158,1065
9606.ENSP00000342098,1066
9606.ENSP00000301244,1067
9606.ENSP00000378401,1068
9606.ENSP00000321108,1069
9606.ENSP00000460236,1070
9606.ENSP00000378517,1071
9606.ENSP00000487444,1072
9606.ENSP00000362680,1073
9606.ENSP00000278412,1074
9606.ENSP00000287641,1075
9606.ENSP00000373539,1076
9606.ENSP00000354394,1077
9606.ENSP00000264657,1078
9606.ENSP00000300134,1079
9606.ENSP00000290271,1080
9606.ENSP00000351646,1081
9606.ENSP00000379964,1082
9606.ENSP00000219548,1083
9606.ENSP00000222812,1084
9606.ENSP00000409666,1085
9606.ENSP00000358635,1086
9606.ENSP00000360269,1087
9606.ENSP00000357076,1088
9606.ENSP00000329967,1089
9606.ENSP00000230354,1090
9606.ENSP00000296145,1091
9606.ENSP00000370912,1092
9606.ENSP00000369375,1093
9606.ENSP00000385834,1094
9606.ENSP00000291527,1095
9606.ENSP00000291526,1096
9606.ENSP00000430690,1097
9606.ENSP00000233156,1098
9606.ENSP00000220616,1099
9606.ENSP00000221930,1100
9606.ENSP00000355896,1101
9606.ENSP00000238682,1102
9606.ENSP00000416330,1103
9606.ENSP00000351905,1104
9606.ENSP00000212355,1105
9606.ENSP00000370867,1106
9606.ENSP00000260356,1107
9606.ENSP00000355751,1108
9606.ENSP00000339730,1109
9606.ENSP00000494504,1110
9606.ENSP00000361554,1111
9606.ENSP00000218388,1112
9606.ENSP00000262768,1113
9606.ENSP00000266085,1114
9606.ENSP00000468425,1115
9606.ENSP00000391481,1116
9606.ENSP00000260010,1117
9606.ENSP00000363089,1118
9606.ENSP00000284885,1119
9606.ENSP00000265131,1120
9606.ENSP00000398698,1121
9606.ENSP00000243347,1122
9606.ENSP00000221132,1123
9606.ENSP00000276431,1124
9606.ENSP00000310263,1125
9606.ENSP00000465500,1126
9606.ENSP00000297350,1127
9606.ENSP00000326737,1128
9606.ENSP00000261652,1129
9606.ENSP00000291232,1130
9606.ENSP00000347948,1131
9606.ENSP00000053243,1132
9606.ENSP00000328207,1133
9606.ENSP00000371693,1134
9606.ENSP00000162749,1135
9606.ENSP00000365435,1136
9606.ENSP00000296861,1137
9606.ENSP00000368538,1138
9606.ENSP00000359013,1139
9606.ENSP00000263932,1140
9606.ENSP00000478699,1141
9606.ENSP00000381775,1142
9606.ENSP00000293825,1143
9606.ENSP00000365048,1144
9606.ENSP00000469049,1145
9606.ENSP00000363157,1146
9606.ENSP00000385470,1147
9606.ENSP00000281834,1148
9606.ENSP00000223795,1149
9606.ENSP00000245817,1150
9606.ENSP00000371336,1151
9606.ENSP00000341838,1152
9606.ENSP00000499593,1153
9606.ENSP00000354522,1154
9606.ENSP00000269305,1155
9606.ENSP00000229270,1156
9606.ENSP00000351022,1157
9606.ENSP00000496494,1158
9606.ENSP00000494125,1159
9606.ENSP00000329869,1160
9606.ENSP00000482743,1161
9606.ENSP00000477781,1162
9606.ENSP00000339804,1163
9606.ENSP00000360688,1164
9606.ENSP00000431885,1165
9606.ENSP00000315644,1166
9606.ENSP00000263798,1167
9606.ENSP00000478771,1168
9606.ENSP00000441543,1169
9606.ENSP00000338348,1170
9606.ENSP00000348056,1171
9606.ENSP00000400906,1172
9606.ENSP00000316176,1173
9606.ENSP00000284440,1174
9606.ENSP00000356982,1175
9606.ENSP00000368970,1176
9606.ENSP00000229708,1177
9606.ENSP00000356320,1178
9606.ENSP00000356308,1179
9606.ENSP00000406022,1180
9606.ENSP00000385143,1181
9606.ENSP00000383044,1182
9606.ENSP00000472929,1183
9606.ENSP00000294728,1184
9606.ENSP00000480043,1185
9606.ENSP00000297904,1186
9606.ENSP00000356213,1187
9606.ENSP00000378409,1188
9606.ENSP00000356602,1189
9606.ENSP00000226218,1190
9606.ENSP00000261405,1191
9606.ENSP00000324763,1192
9606.ENSP00000311184,1193
9606.ENSP00000286574,1194
9606.ENSP00000346667,1195
9606.ENSP00000285018,1196
9606.ENSP00000356792,1197
9606.ENSP00000421566,1198
9606.ENSP00000352257,1199
9606.ENSP00000462468,1200
9606.ENSP00000361930,1201
9606.ENSP00000264335,1202
9606.ENSP00000371267,1203
9606.ENSP00000379287,1204
9606.ENSP00000264972,1205
9606.ENSP00000443824,1206
