9606.ENSP00000323929,0,A2M
9606.ENSP00000361423,1,ABL1
9606.ENSP00000427562,2,ABL2
9606.ENSP00000387356,3,ACAN
9606.ENSP00000389326,4,ACE2
9606.ENSP00000272067,5,ACP1
9606.ENSP00000218758,6,ACP5
9606.ENSP00000442656,7,ACVR1B
9606.ENSP00000373574,8,ACVRL1
9606.ENSP00000384296,9,ACY1
9606.ENSP00000357668,10,ADAM12
9606.ENSP00000419446,11,ADAM9
9606.ENSP00000284984,12,ADAMTS1
9606.ENSP00000360997,13,ADAMTS13
9606.ENSP00000299164,14,ADAMTS15
9606.ENSP00000356975,15,ADAMTS4
9606.ENSP00000284987,16,ADAMTS5
9606.ENSP00000462647,17,ADCYAP1
9606.ENSP00000319883,18,ADGRE2
9606.ENSP00000242786,19,ADGRE5
9606.ENSP00000389814,20,ADIPOQ
9606.ENSP00000436607,21,ADM
9606.ENSP00000485525,22,ADSL
9606.ENSP00000226355,23,AFM
9606.ENSP00000379138,24,AFP
9606.ENSP00000364210,25,AGER
9606.ENSP00000391490,26,AGR2
9606.ENSP00000290953,27,AGRP
9606.ENSP00000355627,28,AGT
9606.ENSP00000273784,29,AHSG
9606.ENSP00000365227,30,AIF1
9606.ENSP00000378191,31,AIMP1
9606.ENSP00000279146,32,AIP
9606.ENSP00000223836,33,AK1
9606.ENSP00000361140,34,AKR1A1
9606.ENSP00000235835,35,AKR7A2
9606.ENSP00000375892,36,AKT2
9606.ENSP00000295897,37,ALB
9606.ENSP00000305988,38,ALCAM
9606.ENSP00000496166,39,ALDOA
9606.ENSP00000221496,40,AMH
9606.ENSP00000266581,41,AMIGO2
9606.ENSP00000299155,42,AMN
9606.ENSP00000336762,43,ANG
9606.ENSP00000428340,44,ANGPT1
9606.ENSP00000314897,45,ANGPT2
9606.ENSP00000371347,46,ANGPT4
9606.ENSP00000360170,47,ANGPTL3
9606.ENSP00000301455,48,ANGPTL4
9606.ENSP00000349588,49,ANK2
9606.ENSP00000345848,50,ANP32B
9606.ENSP00000366109,51,ANXA1
9606.ENSP00000346032,52,ANXA2
9606.ENSP00000296511,53,ANXA5
9606.ENSP00000346550,54,ANXA6
9606.ENSP00000255040,55,APCS
9606.ENSP00000236850,56,APOA1
9606.ENSP00000233242,57,APOB
9606.ENSP00000345179,58,APOD
9606.ENSP00000252486,59,APOE
9606.ENSP00000317674,60,APOL1
9606.ENSP00000365081,61,APOM
9606.ENSP00000284981,62,APP
9606.ENSP00000379097,63,AREG
9606.ENSP00000349446,64,ARG1
9606.ENSP00000263620,65,ARID3A
9606.ENSP00000454341,66,ARPP19
9606.ENSP00000216124,67,ARSA
9606.ENSP00000264914,68,ARSB
9606.ENSP00000387435,69,ARTN
9606.ENSP00000378897,70,ASAH2
9606.ENSP00000269299,71,ASGR1
9606.ENSP00000262030,72,ATP5F1B
9606.ENSP00000290299,73,ATP5PO
9606.ENSP00000216911,74,AURKA
9606.ENSP00000313950,75,AURKB
9606.ENSP00000233997,76,AZU1
9606.ENSP00000497910,77,B2M
9606.ENSP00000378040,78,BAD
9606.ENSP00000270233,79,BCAM
9606.ENSP00000331210,80,BCAN
9606.ENSP00000260502,81,BCAR3
9606.ENSP00000381185,82,BCL2
9606.ENSP00000267953,83,BCL2A1
9606.ENSP00000365230,84,BCL2L1
9606.ENSP00000250405,85,BCL2L2
9606.ENSP00000384371,86,BCL6
9606.ENSP00000414303,87,BDNF
9606.ENSP00000357255,88,BGLAP
9606.ENSP00000327336,89,BGN
9606.ENSP00000318822,90,BID
9606.ENSP00000263464,91,BIRC3
9606.ENSP00000301633,92,BIRC5
9606.ENSP00000217169,93,BIRC7
9606.ENSP00000305714,94,BMP1
9606.ENSP00000295379,95,BMP10
9606.ENSP00000283147,96,BMP6
9606.ENSP00000379204,97,BMP7
9606.ENSP00000497748,98,BMPER
9606.ENSP00000361107,99,BMPR1A
9606.ENSP00000363708,100,BMPR2
9606.ENSP00000350224,101,BMX
9606.ENSP00000273395,102,BOC
9606.ENSP00000262865,103,BPI
9606.ENSP00000448387,104,BRF1
9606.ENSP00000333769,105,BSG
9606.ENSP00000265016,106,BST1
9606.ENSP00000379092,107,BTC
9606.ENSP00000483570,108,BTK
9606.ENSP00000225698,109,C1QBP
9606.ENSP00000444271,110,C1R
9606.ENSP00000299367,111,C2
9606.ENSP00000245907,112,C3
9606.ENSP00000223642,113,C5
9606.ENSP00000263413,114,C6
9606.ENSP00000322061,115,C7
9606.ENSP00000263408,116,C9
9606.ENSP00000430656,117,CA1
9606.ENSP00000405388,118,CA10
9606.ENSP00000318912,119,CA13
9606.ENSP00000285379,120,CA2
9606.ENSP00000285381,121,CA3
9606.ENSP00000300900,122,CA4
9606.ENSP00000366654,123,CA6
9606.ENSP00000345659,124,CA7
9606.ENSP00000367608,125,CA9
9606.ENSP00000329797,126,CADM1
9606.ENSP00000357106,127,CADM3
9606.ENSP00000320866,128,CALR
9606.ENSP00000256460,129,CAMK1
9606.ENSP00000478874,130,CAMK1D
9606.ENSP00000500386,131,CAMK2A
9606.ENSP00000379098,132,CAMK2B
9606.ENSP00000425824,133,CAMK2D
9606.ENSP00000371188,134,CAMKK1
9606.ENSP00000263867,135,CAPG
9606.ENSP00000286186,136,CASP10
9606.ENSP00000312664,137,CASP2
9606.ENSP00000311032,138,CASP3
9606.ENSP00000422176,139,CAST
9606.ENSP00000241052,140,CAT
9606.ENSP00000209875,141,CBX5
9606.ENSP00000206423,142,CCDC80
9606.ENSP00000225842,143,CCL1
9606.ENSP00000302234,144,CCL11
9606.ENSP00000225844,145,CCL13
9606.ENSP00000479097,146,CCL14
9606.ENSP00000484078,147,CCL15
9606.ENSP00000478024,148,CCL16
9606.ENSP00000219244,149,CCL17
9606.ENSP00000479955,150,CCL18
9606.ENSP00000308815,151,CCL19
9606.ENSP00000225831,152,CCL2
9606.ENSP00000351671,153,CCL20
9606.ENSP00000259607,154,CCL21
9606.ENSP00000219235,155,CCL22
9606.ENSP00000481357,156,CCL23
9606.ENSP00000400533,157,CCL24
9606.ENSP00000375086,158,CCL25
9606.ENSP00000378365,159,CCL26
9606.ENSP00000259631,160,CCL27
9606.ENSP00000354416,161,CCL28
9606.ENSP00000477908,162,CCL3
9606.ENSP00000480558,163,CCL3L1
9606.ENSP00000483330,164,CCL4L2
9606.ENSP00000474412,165,CCL5
9606.ENSP00000367832,166,CCL7
9606.ENSP00000378118,167,CCL8
9606.ENSP00000356954,168,CCN2
9606.ENSP00000259526,169,CCN3
9606.ENSP00000250160,170,CCN4
9606.ENSP00000357655,171,CCN6
9606.ENSP00000256442,172,CCNB1
9606.ENSP00000287097,173,CD109
9606.ENSP00000352071,174,CD163
9606.ENSP00000479536,175,CD177
9606.ENSP00000420298,176,CD200
9606.ENSP00000311035,177,CD200R1
9606.ENSP00000386378,178,CD207
9606.ENSP00000315477,179,CD209
9606.ENSP00000085219,180,CD22
9606.ENSP00000461947,181,CD226
9606.ENSP00000357012,182,CD244
9606.ENSP00000266557,183,CD27
9606.ENSP00000370989,184,CD274
9606.ENSP00000329507,185,CD300C
9606.ENSP00000262262,186,CD33
9606.ENSP00000415743,187,CD36
9606.ENSP00000226279,188,CD38
9606.ENSP00000011653,189,CD4
9606.ENSP00000359663,190,CD40LG
9606.ENSP00000355361,191,CD47
9606.ENSP00000484431,192,CD48
9606.ENSP00000356030,193,CD55
9606.ENSP00000498879,194,CD59
9606.ENSP00000357156,195,CD5L
9606.ENSP00000447730,196,CD63
9606.ENSP00000395294,197,CD70
9606.ENSP00000264246,198,CD80
9606.ENSP00000368450,199,CD83
9606.ENSP00000312367,200,CD84
9606.ENSP00000332049,201,CD86
9606.ENSP00000246006,202,CD93
9606.ENSP00000222005,203,CDC37
9606.ENSP00000355237,204,CDC42BPB
9606.ENSP00000261769,205,CDH1
9606.ENSP00000371689,206,CDH12
9606.ENSP00000289746,207,CDH15
9606.ENSP00000269141,208,CDH2
9606.ENSP00000264012,209,CDH3
9606.ENSP00000497290,210,CDH5
9606.ENSP00000265071,211,CDH6
9606.ENSP00000228872,212,CDKN1B
9606.ENSP00000419395,213,CDNF
9606.ENSP00000376458,214,CDON
9606.ENSP00000305422,215,CEBPB
9606.ENSP00000416561,216,CFB
9606.ENSP00000259216,217,CFC1
9606.ENSP00000468253,218,CFD
9606.ENSP00000356399,219,CFH
9606.ENSP00000256785,220,CFHR5
9606.ENSP00000378131,221,CFI
9606.ENSP00000432660,222,CFL1
9606.ENSP00000247153,223,CFP
9606.ENSP00000391090,224,CHEK1
9606.ENSP00000372023,225,CHEK2
9606.ENSP00000216492,226,CHGA
9606.ENSP00000255409,227,CHI3L1
9606.ENSP00000356198,228,CHIT1
9606.ENSP00000256509,229,CHL1
9606.ENSP00000361112,230,CHRDL1
9606.ENSP00000333947,231,CHST15
9606.ENSP00000307911,232,CHST2
9606.ENSP00000328983,233,CHST6
9606.ENSP00000367276,234,CKAP2
9606.ENSP00000299198,235,CKB
9606.ENSP00000221476,236,CKM
9606.ENSP00000221804,237,CLC
9606.ENSP00000250340,238,CLEC11A
9606.ENSP00000298527,239,CLEC1B
9606.ENSP00000316228,240,CLEC4M
9606.ENSP00000302569,241,CLEC7A
9606.ENSP00000364935,242,CLIC1
9606.ENSP00000315130,243,CLU
9606.ENSP00000250378,244,CMA1
9606.ENSP00000360939,245,CMPK1
9606.ENSP00000351682,246,CNDP1
9606.ENSP00000325548,247,CNDP2
9606.ENSP00000355370,248,CNTF
9606.ENSP00000368265,249,CNTFR
9606.ENSP00000447006,250,CNTN1
9606.ENSP00000330633,251,CNTN2
9606.ENSP00000380602,252,CNTN4
9606.ENSP00000435637,253,CNTN5
9606.ENSP00000352798,254,COL18A1
9606.ENSP00000375069,255,COL23A1
9606.ENSP00000261037,256,COL8A1
9606.ENSP00000411770,257,COLEC11
9606.ENSP00000383115,258,COLEC12
9606.ENSP00000278980,259,COMMD7
9606.ENSP00000262428,260,COTL1
9606.ENSP00000181383,261,CPB2
9606.ENSP00000386104,262,CPE
9606.ENSP00000317257,263,CPNE1
9606.ENSP00000321856,264,CRELD1
9606.ENSP00000389026,265,CRISP3
9606.ENSP00000300574,266,CRK
9606.ENSP00000370978,267,CRLF2
9606.ENSP00000255030,268,CRP
9606.ENSP00000227348,269,CRTAM
9606.ENSP00000370966,270,CRYZL1
9606.ENSP00000327513,271,CSF1
9606.ENSP00000286301,272,CSF1R
9606.ENSP00000296871,273,CSF2
9606.ENSP00000225474,274,CSF3
9606.ENSP00000362195,275,CSF3R
9606.ENSP00000220003,276,CSK
9606.ENSP00000217244,277,CSNK2A1
9606.ENSP00000431813,278,CSRP3
9606.ENSP00000305731,279,CST1
9606.ENSP00000307540,280,CST2
9606.ENSP00000381448,281,CST3
9606.ENSP00000217423,282,CST4
9606.ENSP00000307132,283,CST5
9606.ENSP00000311313,284,CST6
9606.ENSP00000420384,285,CST7
9606.ENSP00000279804,286,CTF1
9606.ENSP00000497102,287,CTLA4
9606.ENSP00000361562,288,CTSA
9606.ENSP00000345672,289,CTSB
9606.ENSP00000227266,290,CTSC
9606.ENSP00000236671,291,CTSD
9606.ENSP00000350911,292,CTSE
9606.ENSP00000310832,293,CTSF
9606.ENSP00000216336,294,CTSG
9606.ENSP00000220166,295,CTSH
9606.ENSP00000357981,296,CTSS
9606.ENSP00000259470,297,CTSV
9606.ENSP00000217131,298,CTSZ
9606.ENSP00000006053,299,CX3CL1
9606.ENSP00000379110,300,CXCL1
9606.ENSP00000305651,301,CXCL10
9606.ENSP00000306884,302,CXCL11
9606.ENSP00000379140,303,CXCL12
9606.ENSP00000286758,304,CXCL13
9606.ENSP00000293778,305,CXCL16
9606.ENSP00000296027,306,CXCL5
9606.ENSP00000226317,307,CXCL6
9606.ENSP00000306512,308,CXCL8
9606.ENSP00000354901,309,CXCL9
9606.ENSP00000307786,310,CYCS
9606.ENSP00000498939,311,CYP3A4
9606.ENSP00000484390,312,DAPK2
9606.ENSP00000417653,313,DBNL
9606.ENSP00000052754,314,DCN
9606.ENSP00000408910,315,DCTN2
9606.ENSP00000322524,316,DCTPP1
9606.ENSP00000403644,317,DDC
9606.ENSP00000427552,318,DDR1
9606.ENSP00000356899,319,DDR2
9606.ENSP00000455813,320,DDX19B
9606.ENSP00000497483,321,DHH
9606.ENSP00000499058,322,DIABLO
9606.ENSP00000363081,323,DKK1
9606.ENSP00000433112,324,DKK3
9606.ENSP00000220812,325,DKK4
9606.ENSP00000221498,326,DKKL1
9606.ENSP00000355718,327,DLL1
9606.ENSP00000249749,328,DLL4
9606.ENSP00000254322,329,DNAJB1
9606.ENSP00000372005,330,DNAJC19
9606.ENSP00000360635,331,DPP7
9606.ENSP00000356791,332,DPT
9606.ENSP00000280904,333,DSC2
9606.ENSP00000353608,334,DSC3
9606.ENSP00000383303,335,DSCAM
9606.ENSP00000257192,336,DSG1
9606.ENSP00000226004,337,DUSP3
9606.ENSP00000376297,338,DYNLL1
9606.ENSP00000349679,339,DYNLRB1
9606.ENSP00000356076,340,DYRK3
9606.ENSP00000364028,341,ECE1
9606.ENSP00000358045,342,ECM1
9606.ENSP00000363680,343,EDA
9606.ENSP00000379365,344,EDA2R
9606.ENSP00000258443,345,EDAR
9606.ENSP00000376055,346,EEF1B2
9606.ENSP00000378058,347,EFEMP1
9606.ENSP00000215368,348,EFNA2
9606.ENSP00000357393,349,EFNA3
9606.ENSP00000414378,350,EFNA4
9606.ENSP00000328777,351,EFNA5
9606.ENSP00000204961,352,EFNB1
9606.ENSP00000493716,353,EFNB2
9606.ENSP00000226091,354,EFNB3
9606.ENSP00000265171,355,EGF
9606.ENSP00000275493,356,EGFR
9606.ENSP00000379078,357,EHMT2
9606.ENSP00000497641,358,EIF4A3
9606.ENSP00000433664,359,EIF4G2
9606.ENSP00000265753,360,EIF4H
9606.ENSP00000216554,361,EIF5
9606.ENSP00000336702,362,EIF5A
9606.ENSP00000466090,363,ELANE
9606.ENSP00000362299,364,ENG
9606.ENSP00000495530,365,ENO1
9606.ENSP00000437402,366,ENO2
9606.ENSP00000332656,367,ENPP7
9606.ENSP00000360250,368,ENTPD1
9606.ENSP00000301825,369,ENTPD3
9606.ENSP00000335246,370,ENTPD5
9606.ENSP00000345259,371,EPB41
9606.ENSP00000275815,372,EPHA1
9606.ENSP00000362139,373,EPHA10
9606.ENSP00000351209,374,EPHA2
9606.ENSP00000337451,375,EPHA3
9606.ENSP00000480763,376,EPHA5
9606.ENSP00000383053,377,EPHB2
9606.ENSP00000350896,378,EPHB4
9606.ENSP00000481994,379,EPHB6
9606.ENSP00000252723,380,EPO
9606.ENSP00000222139,381,EPOR
9606.ENSP00000393313,382,EPS15L1
9606.ENSP00000296754,383,ERAP1
9606.ENSP00000269571,384,ERBB2
9606.ENSP00000267101,385,ERBB3
9606.ENSP00000342235,386,ERBB4
9606.ENSP00000244869,387,EREG
9606.ENSP00000261735,388,ERP29
9606.ENSP00000278927,389,ESAM
9606.ENSP00000367992,390,ESD
9606.ENSP00000370812,391,ESM1
9606.ENSP00000405330,392,ESR1
9606.ENSP00000292147,393,ETHE1
9606.ENSP00000364709,394,F10
9606.ENSP00000384957,395,F11
9606.ENSP00000308541,396,F2
9606.ENSP00000334145,397,F3
9606.ENSP00000356771,398,F5
9606.ENSP00000364731,399,F7
9606.ENSP00000218099,400,F9
9606.ENSP00000295834,401,FABP1
9606.ENSP00000362817,402,FABP3
9606.ENSP00000297258,403,FABP5
9606.ENSP00000419124,404,FAM107A
9606.ENSP00000181796,405,FAM107B
9606.ENSP00000350673,406,FAM3B
9606.ENSP00000188790,407,FAP
9606.ENSP00000498466,408,FAS
9606.ENSP00000356694,409,FASLG
9606.ENSP00000347714,410,FCAR
9606.ENSP00000264072,411,FCER2
9606.ENSP00000358165,412,FCGR1A
9606.ENSP00000271450,413,FCGR2A
9606.ENSP00000351497,414,FCGR2B
9606.ENSP00000433642,415,FCGR3B
9606.ENSP00000360871,416,FCN1
9606.ENSP00000291744,417,FCN2
9606.ENSP00000270879,418,FCN3
9606.ENSP00000357169,419,FCRL3
9606.ENSP00000281092,420,FER
9606.ENSP00000265029,421,FETUB
9606.ENSP00000480791,422,FGF1
9606.ENSP00000264664,423,FGF10
9606.ENSP00000413496,424,FGF12
9606.ENSP00000399324,425,FGF16
9606.ENSP00000352414,426,FGF17
9606.ENSP00000274625,427,FGF18
9606.ENSP00000294312,428,FGF19
9606.ENSP00000264498,429,FGF2
9606.ENSP00000180166,430,FGF20
9606.ENSP00000237837,431,FGF23
9606.ENSP00000168712,432,FGF4
9606.ENSP00000311697,433,FGF5
9606.ENSP00000228837,434,FGF6
9606.ENSP00000267843,435,FGF7
9606.ENSP00000321797,436,FGF8
9606.ENSP00000371790,437,FGF9
9606.ENSP00000393312,438,FGFR1
9606.ENSP00000410294,439,FGFR2
9606.ENSP00000339824,440,FGFR3
9606.ENSP00000292408,441,FGFR4
9606.ENSP00000336829,442,FGG
9606.ENSP00000363117,443,FGR
9606.ENSP00000246841,444,FLRT1
9606.ENSP00000332879,445,FLRT2
9606.ENSP00000339912,446,FLRT3
9606.ENSP00000241453,447,FLT3
9606.ENSP00000469613,448,FLT3LG
9606.ENSP00000261937,449,FLT4
9606.ENSP00000346839,450,FN1
9606.ENSP00000256999,451,FOLH1
9606.ENSP00000295113,452,FRZB
9606.ENSP00000256759,453,FST
9606.ENSP00000295633,454,FSTL1
9606.ENSP00000166139,455,FSTL3
9606.ENSP00000380856,456,FTCD
9606.ENSP00000305603,457,FUT3
9606.ENSP00000466880,458,FUT5
9606.ENSP00000346671,459,FYN
9606.ENSP00000380070,460,GAPDH
9606.ENSP00000298743,461,GAS1
9606.ENSP00000387662,462,GCG
9606.ENSP00000264717,463,GCKR
9606.ENSP00000257868,464,GDF11
9606.ENSP00000252809,465,GDF15
9606.ENSP00000463051,466,GDF2
9606.ENSP00000363492,467,GDF5
9606.ENSP00000367942,468,GDF9
9606.ENSP00000369538,469,GDI2
9606.ENSP00000409007,470,GDNF
9606.ENSP00000253408,471,GFAP
9606.ENSP00000347591,472,GFRA1
9606.ENSP00000428518,473,GFRA2
9606.ENSP00000274721,474,GFRA3
9606.ENSP00000312673,475,GH1
9606.ENSP00000483403,476,GHR
9606.ENSP00000335074,477,GHRL
9606.ENSP00000436423,478,GNLY
9606.ENSP00000258145,479,GNS
9606.ENSP00000359539,480,GOT1
9606.ENSP00000329380,481,GP1BA
9606.ENSP00000308782,482,GP6
9606.ENSP00000292377,483,GPC2
9606.ENSP00000377836,484,GPC3
9606.ENSP00000366267,485,GPC5
9606.ENSP00000366246,486,GPC6
9606.ENSP00000301149,487,GPD1
9606.ENSP00000405573,488,GPI
9606.ENSP00000371420,489,GPNMB
9606.ENSP00000378408,490,GPT
9606.ENSP00000339186,491,GRAP2
9606.ENSP00000376345,492,GRB2
9606.ENSP00000498748,493,GREM1
9606.ENSP00000312262,494,GRK2
9606.ENSP00000053867,495,GRN
9606.ENSP00000256857,496,GRP
9606.ENSP00000362924,497,GSN
9606.ENSP00000211122,498,GSTA3
9606.ENSP00000381607,499,GSTP1
9606.ENSP00000274306,500,GZMA
9606.ENSP00000216341,501,GZMB
9606.ENSP00000216338,502,GZMH
9606.ENSP00000339566,503,H1-2
9606.ENSP00000355656,504,H2AW
9606.ENSP00000296417,505,H2AZ1
9606.ENSP00000358151,506,H2BC21
9606.ENSP00000352252,507,H3C12
9606.ENSP00000294973,508,HAAO
9606.ENSP00000471894,509,HAMP
9606.ENSP00000274341,510,HAPLN1
9606.ENSP00000264108,511,HAT1
9606.ENSP00000312002,512,HAVCR2
9606.ENSP00000230990,513,HBEGF
9606.ENSP00000365012,514,HCK
9606.ENSP00000362674,515,HDAC8
9606.ENSP00000483345,516,HDGFL2
9606.ENSP00000222390,517,HGF
9606.ENSP00000421801,518,HGFAC
9606.ENSP00000350402,519,HHLA2
9606.ENSP00000265395,520,HIBADH
9606.ENSP00000437955,521,HIF1A
9606.ENSP00000304229,522,HINT1
9606.ENSP00000304226,523,HIPK3
9606.ENSP00000337014,524,HJV
9606.ENSP00000494664,525,HK1
9606.ENSP00000290573,526,HK2
9606.ENSP00000345347,527,HMGB1
9606.ENSP00000287936,528,HMGCR
9606.ENSP00000370125,529,HMGN1
9606.ENSP00000477572,530,HMOX2
9606.ENSP00000346694,531,HNRNPA2B1
9606.ENSP00000425031,532,HNRNPAB
9606.ENSP00000365458,533,HNRNPK
9606.ENSP00000348170,534,HP
9606.ENSP00000296522,535,HPGD
9606.ENSP00000265983,536,HPX
9606.ENSP00000232003,537,HRG
9606.ENSP00000259241,538,HS6ST1
9606.ENSP00000225929,539,HSD17B1
9606.ENSP00000168216,540,HSD17B10
9606.ENSP00000360609,541,HSP90AB1
9606.ENSP00000364802,542,HSPA1A
9606.ENSP00000437125,543,HSPA8
9606.ENSP00000248553,544,HSPB1
9606.ENSP00000340019,545,HSPD1
9606.ENSP00000258080,546,HTRA2
9606.ENSP00000226284,547,IBSP
9606.ENSP00000264832,548,ICAM1
9606.ENSP00000415283,549,ICAM2
9606.ENSP00000160262,550,ICAM3
9606.ENSP00000221980,551,ICAM5
9606.ENSP00000319476,552,ICOS
9606.ENSP00000339477,553,ICOSLG
9606.ENSP00000265986,554,IDE
9606.ENSP00000339801,555,IDS
9606.ENSP00000247933,556,IDUA
9606.ENSP00000369566,557,IFNA10
9606.ENSP00000369554,558,IFNA2
9606.ENSP00000239347,559,IFNA7
9606.ENSP00000270139,560,IFNAR1
9606.ENSP00000369581,561,IFNB1
9606.ENSP00000229135,562,IFNG
9606.ENSP00000356713,563,IFNGR1
9606.ENSP00000371425,564,IFNGR2
9606.ENSP00000329991,565,IFNL1
9606.ENSP00000333639,566,IFNL2
9606.ENSP00000376637,567,IGF1
9606.ENSP00000497069,568,IGF1R
9606.ENSP00000349437,569,IGF2R
9606.ENSP00000275525,570,IGFBP1
9606.ENSP00000233809,571,IGFBP2
9606.ENSP00000370473,572,IGFBP3
9606.ENSP00000269593,573,IGFBP4
9606.ENSP00000233813,574,IGFBP5
9606.ENSP00000301464,575,IGFBP6
9606.ENSP00000295666,576,IGFBP7
9606.ENSP00000412237,577,IL10
9606.ENSP00000227752,578,IL10RA
9606.ENSP00000290200,579,IL10RB
9606.ENSP00000264563,580,IL11
9606.ENSP00000470788,581,IL12RB1
9606.ENSP00000262345,582,IL12RB2
9606.ENSP00000304915,583,IL13
9606.ENSP00000360730,584,IL13RA1
9606.ENSP00000380421,585,IL15RA
9606.ENSP00000302935,586,IL16
9606.ENSP00000497968,587,IL17A
9606.ENSP00000261796,588,IL17B
9606.ENSP00000302924,589,IL17D
9606.ENSP00000337432,590,IL17F
9606.ENSP00000320936,591,IL17RA
9606.ENSP00000288167,592,IL17RB
9606.ENSP00000295981,593,IL17RC
9606.ENSP00000296318,594,IL17RD
9606.ENSP00000434717,595,IL18BP
9606.ENSP00000387211,596,IL18R1
9606.ENSP00000264260,597,IL18RAP
9606.ENSP00000499459,598,IL19
9606.ENSP00000263339,599,IL1A
9606.ENSP00000263341,600,IL1B
9606.ENSP00000386380,601,IL1R1
9606.ENSP00000330959,602,IL1R2
9606.ENSP00000314807,603,IL1RAP
9606.ENSP00000361663,604,IL1RAPL2
9606.ENSP00000233954,605,IL1RL1
9606.ENSP00000264257,606,IL1RL2
9606.ENSP00000259206,607,IL1RN
9606.ENSP00000226730,608,IL2
9606.ENSP00000356065,609,IL20
9606.ENSP00000314976,610,IL20RA
9606.ENSP00000442424,611,IL22
9606.ENSP00000270800,612,IL22RA1
9606.ENSP00000296980,613,IL22RA2
9606.ENSP00000321345,614,IL23R
9606.ENSP00000375795,615,IL24
9606.ENSP00000328111,616,IL25
9606.ENSP00000263379,617,IL27RA
9606.ENSP00000369293,618,IL2RA
9606.ENSP00000363318,619,IL2RG
9606.ENSP00000296870,620,IL3
9606.ENSP00000397863,621,IL34
9606.ENSP00000259211,622,IL36A
9606.ENSP00000259213,623,IL36B
9606.ENSP00000263326,624,IL37
9606.ENSP00000327890,625,IL3RA
9606.ENSP00000231449,626,IL4
9606.ENSP00000379111,627,IL4R
9606.ENSP00000231454,628,IL5
9606.ENSP00000412209,629,IL5RA
9606.ENSP00000385675,630,IL6
9606.ENSP00000357470,631,IL6R
9606.ENSP00000370698,632,IL6ST
9606.ENSP00000263851,633,IL7
9606.ENSP00000306157,634,IL7R
9606.ENSP00000274520,635,IL9
9606.ENSP00000345096,636,IMPDH1
9606.ENSP00000321584,637,IMPDH2
9606.ENSP00000364929,638,ING1
9606.ENSP00000242208,639,INHBA
9606.ENSP00000380432,640,INS
9606.ENSP00000303830,641,INSR
9606.ENSP00000245414,642,IRF1
9606.ENSP00000496832,643,ISG15
9606.ENSP00000355402,644,ISLR2
9606.ENSP00000266041,645,ITIH4
9606.ENSP00000254958,646,JAG1
9606.ENSP00000328169,647,JAG2
9606.ENSP00000371067,648,JAK2
9606.ENSP00000383376,649,JAM2
9606.ENSP00000299106,650,JAM3
9606.ENSP00000348635,651,JAML
9606.ENSP00000360266,652,JUN
9606.ENSP00000265713,653,KAT6A
9606.ENSP00000263923,654,KDR
9606.ENSP00000377245,655,KEAP1
9606.ENSP00000260363,656,KIF23
9606.ENSP00000339634,657,KIR2DL4
9606.ENSP00000325525,658,KIR3DL2
9606.ENSP00000435466,659,KIRREL3
9606.ENSP00000288135,660,KIT
9606.ENSP00000473047,661,KLK11
9606.ENSP00000250351,662,KLK12
9606.ENSP00000470555,663,KLK13
9606.ENSP00000375678,664,KLK14
9606.ENSP00000314151,665,KLK3
9606.ENSP00000326159,666,KLK4
9606.ENSP00000337733,667,KLK5
9606.ENSP00000366047,668,KLK6
9606.ENSP00000470538,669,KLK7
9606.ENSP00000375682,670,KLK8
9606.ENSP00000264690,671,KLKB1
9606.ENSP00000483713,672,KLRF1
9606.ENSP00000240618,673,KLRK1
9606.ENSP00000493985,674,KNG1
9606.ENSP00000438483,675,KPNA2
9606.ENSP00000290158,676,KPNB1
9606.ENSP00000256078,677,KRAS
9606.ENSP00000304422,678,KREMEN2
9606.ENSP00000373489,679,KRT18
9606.ENSP00000264170,680,KYNU
9606.ENSP00000359077,681,L1CAM
9606.ENSP00000203629,682,LAG3
9606.ENSP00000364765,683,LAYN
9606.ENSP00000217407,684,LBP
9606.ENSP00000477713,685,LCK
9606.ENSP00000362108,686,LCN2
9606.ENSP00000371661,687,LCORL
9606.ENSP00000454071,688,LDLR
9606.ENSP00000312652,689,LEP
9606.ENSP00000330393,690,LEPR
9606.ENSP00000215886,691,LGALS2
9606.ENSP00000254301,692,LGALS3
9606.ENSP00000262776,693,LGALS3BP
9606.ENSP00000302100,694,LGALS4
9606.ENSP00000367891,695,LGALS7
9606.ENSP00000435460,696,LGALS8
9606.ENSP00000378856,697,LGALS9
9606.ENSP00000376911,698,LGMN
9606.ENSP00000398368,699,LIFR
9606.ENSP00000315997,700,LILRB1
9606.ENSP00000375629,701,LILRB2
9606.ENSP00000221459,702,LIN7B
9606.ENSP00000303366,703,LMAN2
9606.ENSP00000261366,704,LMNB1
9606.ENSP00000262290,705,LPO
9606.ENSP00000326759,706,LRIG3
9606.ENSP00000243077,707,LRP1
9606.ENSP00000374135,708,LRP1B
9606.ENSP00000303634,709,LRP8
9606.ENSP00000497444,710,LRPAP1
9606.ENSP00000298910,711,LRRK2
9606.ENSP00000295057,712,LRRTM1
9606.ENSP00000355187,713,LRRTM3
9606.ENSP00000419000,714,LSAMP
9606.ENSP00000403495,715,LTA
9606.ENSP00000228740,716,LTA4H
9606.ENSP00000311905,717,LTBP4
9606.ENSP00000228918,718,LTBR
9606.ENSP00000231751,719,LTF
9606.ENSP00000266718,720,LUM
9606.ENSP00000369286,721,LY86
9606.ENSP00000263285,722,LY9
9606.ENSP00000428924,723,LYN
9606.ENSP00000244333,724,LYPD3
9606.ENSP00000256178,725,LYVE1
9606.ENSP00000261267,726,LYZ
9606.ENSP00000302486,727,MAP2K1
9606.ENSP00000262948,728,MAP2K2
9606.ENSP00000345083,729,MAP2K3
9606.ENSP00000410402,730,MAP2K4
9606.ENSP00000215832,731,MAPK1
9606.ENSP00000333685,732,MAPK11
9606.ENSP00000215659,733,MAPK12
9606.ENSP00000211287,734,MAPK13
9606.ENSP00000229795,735,MAPK14
9606.ENSP00000263025,736,MAPK3
9606.ENSP00000378974,737,MAPK8
9606.ENSP00000394560,738,MAPK9
9606.ENSP00000356070,739,MAPKAPK2
9606.ENSP00000396467,740,MAPKAPK3
9606.ENSP00000449381,741,MAPKAPK5
9606.ENSP00000340820,742,MAPT
9606.ENSP00000296280,743,MASP1
9606.ENSP00000378485,744,MATK
9606.ENSP00000254898,745,MATN2
9606.ENSP00000383894,746,MATN3
9606.ENSP00000352835,747,MB
9606.ENSP00000249910,748,MBD4
9606.ENSP00000363079,749,MBL2
9606.ENSP00000358022,750,MCL1
9606.ENSP00000385451,751,MDK
9606.ENSP00000258149,752,MDM2
9606.ENSP00000300651,753,MED1
9606.ENSP00000378534,754,MEPE
9606.ENSP00000317272,755,MET
9606.ENSP00000296411,756,METAP1
9606.ENSP00000325312,757,METAP2
9606.ENSP00000268150,758,MFGE8
9606.ENSP00000470129,759,MIA
9606.ENSP00000413079,760,MICA
9606.ENSP00000252229,761,MICB
9606.ENSP00000215754,762,MIF
9606.ENSP00000367668,763,MMEL1
9606.ENSP00000322788,764,MMP1
9606.ENSP00000279441,765,MMP10
9606.ENSP00000458585,766,MMP12
9606.ENSP00000260302,767,MMP13
9606.ENSP00000308208,768,MMP14
9606.ENSP00000286614,769,MMP16
9606.ENSP00000353767,770,MMP17
9606.ENSP00000219070,771,MMP2
9606.ENSP00000299855,772,MMP3
9606.ENSP00000260227,773,MMP7
9606.ENSP00000236826,774,MMP8
9606.ENSP00000361405,775,MMP9
9606.ENSP00000361548,776,MPL
9606.ENSP00000225275,777,MPO
9606.ENSP00000455897,778,MRC1
9606.ENSP00000307513,779,MRC2
9606.ENSP00000372313,780,MSLN
9606.ENSP00000353408,781,MSN
9606.ENSP00000405453,782,MSR1
9606.ENSP00000414287,783,MST1
9606.ENSP00000296474,784,MST1R
9606.ENSP00000260950,785,MSTN
9606.ENSP00000484824,786,MUC1
9606.ENSP00000400908,787,MYBPC1
9606.ENSP00000478887,788,MYC
9606.ENSP00000303584,789,N6AMT1
9606.ENSP00000286733,790,NAAA
9606.ENSP00000448035,791,NACA
9606.ENSP00000477639,792,NAGK
9606.ENSP00000222553,793,NAMPT
9606.ENSP00000229307,794,NANOG
9606.ENSP00000263354,795,NAPA
9606.ENSP00000289749,796,NBL1
9606.ENSP00000480132,797,NCAM1
9606.ENSP00000417273,798,NCK1
9606.ENSP00000291890,799,NCR1
9606.ENSP00000362181,800,NCR2
9606.ENSP00000342156,801,NCR3
9606.ENSP00000350364,802,NEGR1
9606.ENSP00000358525,803,NGF
9606.ENSP00000264187,804,NID1
9606.ENSP00000216286,805,NID2
9606.ENSP00000370483,806,NLGN4X
9606.ENSP00000337060,807,NME1
9606.ENSP00000376886,808,NME2
9606.ENSP00000468424,809,NMT1
9606.ENSP00000328181,810,NOG
9606.ENSP00000498587,811,NOTCH1
9606.ENSP00000256646,812,NOTCH2
9606.ENSP00000263388,813,NOTCH3
9606.ENSP00000365663,814,NPPA
9606.ENSP00000365651,815,NPPB
9606.ENSP00000246672,816,NR1D1
9606.ENSP00000231509,817,NR3C1
9606.ENSP00000368314,818,NRCAM
9606.ENSP00000287842,819,NRG1
9606.ENSP00000378367,820,NRG4
9606.ENSP00000265371,821,NRP1
9606.ENSP00000385142,822,NRXN1
9606.ENSP00000489551,823,NRXN3
9606.ENSP00000418529,824,NSFL1C
9606.ENSP00000397297,825,NTF3
9606.ENSP00000469455,826,NTF4
9606.ENSP00000173229,827,NTN1
9606.ENSP00000340998,828,NTN4
9606.ENSP00000431418,829,NTRK1
9606.ENSP00000277120,830,NTRK2
9606.ENSP00000354207,831,NTRK3
9606.ENSP00000347626,832,NUDCD3
9606.ENSP00000384551,833,NXPH1
9606.ENSP00000388001,834,OAS1
9606.ENSP00000370882,835,OCIAD1
9606.ENSP00000219022,836,OLFM4
9606.ENSP00000309124,837,OLR1
9606.ENSP00000364700,838,OMD
9606.ENSP00000330862,839,OPCML
9606.ENSP00000215781,840,OSM
9606.ENSP00000327801,841,P4HB
9606.ENSP00000302886,842,PA2G4
9606.ENSP00000435289,843,PAFAH1B2
9606.ENSP00000353864,844,PAK3
9606.ENSP00000367686,845,PAK5
9606.ENSP00000453858,846,PAK6
9606.ENSP00000330658,847,PAPPA
9606.ENSP00000340278,848,PARK7
9606.ENSP00000368458,849,PCNA
9606.ENSP00000325917,850,PCSK7
9606.ENSP00000303208,851,PCSK9
9606.ENSP00000380855,852,PDCD1LG2
9606.ENSP00000286063,853,PDE11A
9606.ENSP00000410309,854,PDE1A
9606.ENSP00000334910,855,PDE2A
9606.ENSP00000351957,856,PDE3A
9606.ENSP00000345502,857,PDE4D
9606.ENSP00000347046,858,PDE5A
9606.ENSP00000385632,859,PDE7A
9606.ENSP00000291539,860,PDE9A
9606.ENSP00000346508,861,PDGFA
9606.ENSP00000330382,862,PDGFB
9606.ENSP00000422464,863,PDGFC
9606.ENSP00000257290,864,PDGFRA
9606.ENSP00000261799,865,PDGFRB
9606.ENSP00000300289,866,PDIA3
9606.ENSP00000376352,867,PDK1
9606.ENSP00000344220,868,PDPK1
9606.ENSP00000291565,869,PDXK
9606.ENSP00000215904,870,PDXP
9606.ENSP00000261313,871,PEBP1
9606.ENSP00000457421,872,PECAM1
9606.ENSP00000346725,873,PES1
9606.ENSP00000391601,874,PEX5
9606.ENSP00000296029,875,PF4
9606.ENSP00000447942,876,PFDN5
9606.ENSP00000359991,877,PGAM1
9606.ENSP00000270776,878,PGD
9606.ENSP00000451040,879,PGF
9606.ENSP00000362413,880,PGK1
9606.ENSP00000008938,881,PGLYRP1
9606.ENSP00000360124,882,PGM1
9606.ENSP00000243924,883,PI3
9606.ENSP00000442157,884,PIANP
9606.ENSP00000262971,885,PIAS4
9606.ENSP00000348888,886,PIGR
9606.ENSP00000419260,887,PIK3CG
9606.ENSP00000362608,888,PIM1
9606.ENSP00000320171,889,PKM
9606.ENSP00000393847,890,PLA2G10
9606.ENSP00000312286,891,PLA2G1B
9606.ENSP00000383364,892,PLA2G2A
9606.ENSP00000364257,893,PLA2G2E
9606.ENSP00000364249,894,PLA2G5
9606.ENSP00000274793,895,PLA2G7
9606.ENSP00000220809,896,PLAT
9606.ENSP00000361850,897,PLAU
9606.ENSP00000339328,898,PLAUR
9606.ENSP00000244007,899,PLCG1
9606.ENSP00000308938,900,PLG
9606.ENSP00000300093,901,PLK1
9606.ENSP00000352288,902,PLXNB2
9606.ENSP00000258526,903,PLXNC1
9606.ENSP00000384092,904,POMC
9606.ENSP00000222381,905,PON1
9606.ENSP00000419970,906,POR
9606.ENSP00000369071,907,POSTN
9606.ENSP00000362329,908,PPA1
9606.ENSP00000296028,909,PPBP
9606.ENSP00000419425,910,PPIA
9606.ENSP00000300026,911,PPIB
9606.ENSP00000303754,912,PPID
9606.ENSP00000361918,913,PPIE
9606.ENSP00000225174,914,PPIF
9606.ENSP00000234310,915,PPP3R1
9606.ENSP00000466009,916,PPY
9606.ENSP00000262746,917,PRDX1
9606.ENSP00000265462,918,PRDX5
9606.ENSP00000342026,919,PRDX6
9606.ENSP00000309591,920,PRKACA
9606.ENSP00000408695,921,PRKCA
9606.ENSP00000496129,922,PRKCB
9606.ENSP00000331602,923,PRKCD
9606.ENSP00000263431,924,PRKCG
9606.ENSP00000295797,925,PRKCI
9606.ENSP00000263125,926,PRKCQ
9606.ENSP00000367830,927,PRKCZ
9606.ENSP00000302150,928,PRL
9606.ENSP00000482954,929,PRLR
9606.ENSP00000234071,930,PROC
9606.ENSP00000271331,931,PROK1
9606.ENSP00000377783,932,PROS1
9606.ENSP00000308720,933,PRSS1
9606.ENSP00000488437,934,PRSS2
9606.ENSP00000161006,935,PRSS22
9606.ENSP00000306390,936,PRSS27
9606.ENSP00000354280,937,PRSS3
9606.ENSP00000234347,938,PRTN3
9606.ENSP00000414359,939,PSMA1
9606.ENSP00000223321,940,PSMA2
9606.ENSP00000261479,941,PSMA6
9606.ENSP00000219313,942,PSMD7
9606.ENSP00000372155,943,PSME1
9606.ENSP00000293362,944,PSME3
9606.ENSP00000245810,945,PSPN
9606.ENSP00000361021,946,PTEN
9606.ENSP00000356438,947,PTGS2
9606.ENSP00000433208,948,PTH
9606.ENSP00000441765,949,PTHLH
9606.ENSP00000341189,950,PTK2
9606.ENSP00000442460,951,PTK6
9606.ENSP00000341170,952,PTN
9606.ENSP00000360683,953,PTPN1
9606.ENSP00000489597,954,PTPN11
9606.ENSP00000311857,955,PTPN2
9606.ENSP00000391592,956,PTPN6
9606.ENSP00000353198,957,PYY
9606.ENSP00000348461,958,RAC1
9606.ENSP00000304283,959,RAC3
9606.ENSP00000493712,960,RAD51
9606.ENSP00000446215,961,RAN
9606.ENSP00000418009,962,RARRES2
9606.ENSP00000274376,963,RASA1
9606.ENSP00000267163,964,RB1
9606.ENSP00000253363,965,RBM39
9606.ENSP00000360522,966,RBP4
9606.ENSP00000233735,967,REG1A
9606.ENSP00000346158,968,REG4
9606.ENSP00000064780,969,RELT
9606.ENSP00000272190,970,REN
9606.ENSP00000347942,971,RET
9606.ENSP00000221515,972,RETN
9606.ENSP00000452126,973,RGMA
9606.ENSP00000308219,974,RGMB
9606.ENSP00000313350,975,RNASEH1
9606.ENSP00000463069,976,RNF43
9606.ENSP00000417335,977,ROBO2
9606.ENSP00000380903,978,ROBO3
9606.ENSP00000360120,979,ROR1
9606.ENSP00000272317,980,RPS27A
9606.ENSP00000278572,981,RPS3
9606.ENSP00000346050,982,RPS3A
9606.ENSP00000368884,983,RPS6KA3
9606.ENSP00000479667,984,RPS6KA5
9606.ENSP00000495273,985,RPS7
9606.ENSP00000389351,986,RPSA
9606.ENSP00000276659,987,RSPO2
9606.ENSP00000349131,988,RSPO3
9606.ENSP00000217260,989,RSPO4
9606.ENSP00000043402,990,RTN4R
9606.ENSP00000405841,991,RXFP1
9606.ENSP00000357726,992,S100A12
9606.ENSP00000357704,993,S100A4
9606.ENSP00000357709,994,S100A6
9606.ENSP00000357711,995,S100A7
9606.ENSP00000357727,996,S100A9
9606.ENSP00000384906,997,SAA1
9606.ENSP00000246868,998,SBDS
9606.ENSP00000264896,999,SCARB2
9606.ENSP00000263071,1000,SCARF1
9606.ENSP00000485276,1001,SCARF2
9606.ENSP00000244930,1002,SCGB2A1
9606.ENSP00000176195,1003,SCT
9606.ENSP00000331736,1004,SELE
9606.ENSP00000498227,1005,SELL
9606.ENSP00000263686,1006,SELP
9606.ENSP00000265362,1007,SEMA3A
9606.ENSP00000496491,1008,SEMA3E
9606.ENSP00000371936,1009,SEMA5A
9606.ENSP00000257414,1010,SEMA6A
9606.ENSP00000467290,1011,SEMA6B
9606.ENSP00000416066,1012,SERPINA1
9606.ENSP00000261994,1013,SERPINA10
9606.ENSP00000450540,1014,SERPINA3
9606.ENSP00000451172,1015,SERPINA4
9606.ENSP00000333203,1016,SERPINA5
9606.ENSP00000342850,1017,SERPINA6
9606.ENSP00000329374,1018,SERPINA7
9606.ENSP00000356671,1019,SERPINC1
9606.ENSP00000215727,1020,SERPIND1
9606.ENSP00000223095,1021,SERPINE1
9606.ENSP00000415786,1022,SERPINE2
9606.ENSP00000254722,1023,SERPINF1
9606.ENSP00000321853,1024,SERPINF2
9606.ENSP00000278407,1025,SERPING1
9606.ENSP00000361777,1026,SET
9606.ENSP00000481917,1027,SEZ6L2
9606.ENSP00000340989,1028,SFN
9606.ENSP00000220772,1029,SFRP1
9606.ENSP00000361366,1030,SFTPD
9606.ENSP00000221566,1031,SGTA
9606.ENSP00000360181,1032,SH2D1A
9606.ENSP00000369816,1033,SHBG
9606.ENSP00000401303,1034,SHC1
9606.ENSP00000297261,1035,SHH
9606.ENSP00000341141,1036,SIGLEC1
9606.ENSP00000354090,1037,SIGLEC14
9606.ENSP00000401502,1038,SIGLEC6
9606.ENSP00000323328,1039,SIGLEC7
9606.ENSP00000413861,1040,SIGLEC9
9606.ENSP00000478763,1041,SIRPA
9606.ENSP00000249396,1042,SIRT2
9606.ENSP00000231487,1043,SKP1
9606.ENSP00000357036,1044,SLAMF6
9606.ENSP00000357022,1045,SLAMF7
9606.ENSP00000329033,1046,SLC25A18
9606.ENSP00000366288,1047,SLITRK1
9606.ENSP00000366283,1048,SLITRK5
9606.ENSP00000342082,1049,SLPI
9606.ENSP00000262160,1050,SMAD2
9606.ENSP00000332973,1051,SMAD3
9606.ENSP00000355110,1052,SMOC1
9606.ENSP00000254976,1053,SNAP25
9606.ENSP00000500990,1054,SNCA
9606.ENSP00000266735,1055,SNRPF
9606.ENSP00000251775,1056,SNX4
9606.ENSP00000270142,1057,SOD1
9606.ENSP00000446252,1058,SOD2
9606.ENSP00000371554,1059,SOD3
9606.ENSP00000422185,1060,SORCS2
9606.ENSP00000301691,1061,SOST
9606.ENSP00000231061,1062,SPARC
9606.ENSP00000414856,1063,SPARCL1
9606.ENSP00000313681,1064,SPHK1
9606.ENSP00000469158,1065,SPHK2
9606.ENSP00000342098,1066,SPINT1
9606.ENSP00000301244,1067,SPINT2
9606.ENSP00000378401,1068,SPOCK1
9606.ENSP00000321108,1069,SPOCK2
9606.ENSP00000460236,1070,SPON1
9606.ENSP00000378517,1071,SPP1
9606.ENSP00000487444,1072,SPTAN1
9606.ENSP00000362680,1073,SRC
9606.ENSP00000278412,1074,SSRP1
9606.ENSP00000287641,1075,SST
9606.ENSP00000373539,1076,STAB2
9606.ENSP00000354394,1077,STAT1
9606.ENSP00000264657,1078,STAT3
9606.ENSP00000300134,1079,STAT6
9606.ENSP00000290271,1080,STC1
9606.ENSP00000351646,1081,STIP1
9606.ENSP00000379964,1082,STK16
9606.ENSP00000219548,1083,STUB1
9606.ENSP00000222812,1084,STX1A
9606.ENSP00000409666,1085,SUMO3
9606.ENSP00000358635,1086,SYNCRIP
9606.ENSP00000360269,1087,TACSTD2
9606.ENSP00000357076,1088,TAGLN2
9606.ENSP00000329967,1089,TBK1
9606.ENSP00000230354,1090,TBP
9606.ENSP00000296145,1091,TDGF1
9606.ENSP00000370912,1092,TEC
9606.ENSP00000369375,1093,TEK
9606.ENSP00000385834,1094,TF
9606.ENSP00000291527,1095,TFF1
9606.ENSP00000291526,1096,TFF2
9606.ENSP00000430690,1097,TFF3
9606.ENSP00000233156,1098,TFPI
9606.ENSP00000220616,1099,TG
9606.ENSP00000221930,1100,TGFB1
9606.ENSP00000355896,1101,TGFB2
9606.ENSP00000238682,1102,TGFB3
9606.ENSP00000416330,1103,TGFBI
9606.ENSP00000351905,1104,TGFBR2
9606.ENSP00000212355,1105,TGFBR3
9606.ENSP00000370867,1106,TGM3
9606.ENSP00000260356,1107,THBS1
9606.ENSP00000355751,1108,THBS2
9606.ENSP00000339730,1109,THBS4
9606.ENSP00000494504,1110,THPO
9606.ENSP00000361554,1111,TIE1
9606.ENSP00000218388,1112,TIMP1
9606.ENSP00000262768,1113,TIMP2
9606.ENSP00000266085,1114,TIMP3
9606.ENSP00000468425,1115,TK1
9606.ENSP00000391481,1116,TKT
9606.ENSP00000260010,1117,TLR2
9606.ENSP00000363089,1118,TLR4
9606.ENSP00000284885,1119,TMPRSS15
9606.ENSP00000265131,1120,TNC
9606.ENSP00000398698,1121,TNF
9606.ENSP00000243347,1122,TNFAIP6
9606.ENSP00000221132,1123,TNFRSF10A
9606.ENSP00000276431,1124,TNFRSF10B
9606.ENSP00000310263,1125,TNFRSF10D
9606.ENSP00000465500,1126,TNFRSF11A
9606.ENSP00000297350,1127,TNFRSF11B
9606.ENSP00000326737,1128,TNFRSF12A
9606.ENSP00000261652,1129,TNFRSF13B
9606.ENSP00000291232,1130,TNFRSF13C
9606.ENSP00000347948,1131,TNFRSF14
9606.ENSP00000053243,1132,TNFRSF17
9606.ENSP00000328207,1133,TNFRSF18
9606.ENSP00000371693,1134,TNFRSF19
9606.ENSP00000162749,1135,TNFRSF1A
9606.ENSP00000365435,1136,TNFRSF1B
9606.ENSP00000296861,1137,TNFRSF21
9606.ENSP00000368538,1138,TNFRSF4
9606.ENSP00000359013,1139,TNFRSF6B
9606.ENSP00000263932,1140,TNFRSF8
9606.ENSP00000478699,1141,TNFRSF9
9606.ENSP00000381775,1142,TNFSF11
9606.ENSP00000293825,1143,TNFSF12
9606.ENSP00000365048,1144,TNFSF13B
9606.ENSP00000469049,1145,TNFSF14
9606.ENSP00000363157,1146,TNFSF15
9606.ENSP00000385470,1147,TNFSF18
9606.ENSP00000281834,1148,TNFSF4
9606.ENSP00000223795,1149,TNFSF8
9606.ENSP00000245817,1150,TNFSF9
9606.ENSP00000371336,1151,TNNI2
9606.ENSP00000341838,1152,TNNI3
9606.ENSP00000499593,1153,TNNT2
9606.ENSP00000354522,1154,TOP1
9606.ENSP00000269305,1155,TP53
9606.ENSP00000229270,1156,TPI1
9606.ENSP00000351022,1157,TPM1
9606.ENSP00000496494,1158,TPM2
9606.ENSP00000494125,1159,TPM4
9606.ENSP00000329869,1160,TPO
9606.ENSP00000482743,1161,TPSB2
9606.ENSP00000477781,1162,TPT1
9606.ENSP00000339804,1163,TSLP
9606.ENSP00000360688,1164,TXNDC12
9606.ENSP00000431885,1165,TYK2
9606.ENSP00000315644,1166,TYMS
9606.ENSP00000263798,1167,TYRO3
9606.ENSP00000478771,1168,UBB
9606.ENSP00000441543,1169,UBC
9606.ENSP00000338348,1170,UBE2G2
9606.ENSP00000348056,1171,UBE2I
9606.ENSP00000400906,1172,UBE2L3
9606.ENSP00000316176,1173,UBE2N
9606.ENSP00000284440,1174,UCHL1
9606.ENSP00000356982,1175,UFC1
9606.ENSP00000368970,1176,UFM1
9606.ENSP00000229708,1177,ULBP1
9606.ENSP00000356320,1178,ULBP2
9606.ENSP00000356308,1179,ULBP3
9606.ENSP00000406022,1180,UNC5C
9606.ENSP00000385143,1181,UNC5D
9606.ENSP00000383044,1182,USP25
9606.ENSP00000472929,1183,VAV1
9606.ENSP00000294728,1184,VCAM1
9606.ENSP00000480043,1185,VEGFC
9606.ENSP00000297904,1186,VEGFD
9606.ENSP00000356213,1187,VIP
9606.ENSP00000378409,1188,VSIR
9606.ENSP00000356602,1189,VTA1
9606.ENSP00000226218,1190,VTN
9606.ENSP00000261405,1191,VWF
9606.ENSP00000324763,1192,WFIKKN1
9606.ENSP00000311184,1193,WFIKKN2
9606.ENSP00000286574,1194,WIF1
9606.ENSP00000346667,1195,WNK3
9606.ENSP00000285018,1196,WNT7A
9606.ENSP00000356792,1197,XCL1
9606.ENSP00000421566,1198,XPNPEP1
9606.ENSP00000352257,1199,XRCC6
9606.ENSP00000462468,1200,YES1
9606.ENSP00000361930,1201,YWHAB
9606.ENSP00000264335,1202,YWHAE
9606.ENSP00000371267,1203,YWHAQ
9606.ENSP00000379287,1204,YWHAZ
9606.ENSP00000264972,1205,ZAP70
9606.ENSP00000443824,1206,ZNRF3
