0,9606.ENSP00000412237,577,IL10,0.9999895095825196
1,9606.ENSP00000296871,273,CSF2,0.9999873638153076
2,9606.ENSP00000385675,630,IL6,0.9999868869781494
3,9606.ENSP00000306512,308,CXCL8,0.9999845027923584
4,9606.ENSP00000231449,626,IL4,0.9999830722808838
5,9606.ENSP00000497968,587,IL17A,0.9999818801879884
6,9606.ENSP00000229135,562,IFNG,0.9999816417694092
7,9606.ENSP00000225831,152,CCL2,0.9999772310256958
8,9606.ENSP00000304915,583,IL13,0.9999752044677734
9,9606.ENSP00000305651,301,CXCL10,0.9999722242355348
10,9606.ENSP00000379110,300,CXCL1,0.9999716281890868
11,9606.ENSP00000263341,600,IL1B,0.9999716281890868
12,9606.ENSP00000474412,165,CCL5,0.9999662637710572
13,9606.ENSP00000263851,633,IL7,0.999959111213684
14,9606.ENSP00000379140,303,CXCL12,0.9999550580978394
15,9606.ENSP00000351671,153,CCL20,0.9999550580978394
16,9606.ENSP00000263339,599,IL1A,0.9999505281448364
17,9606.ENSP00000231454,628,IL5,0.9999505281448364
18,9606.ENSP00000354901,309,CXCL9,0.9999458789825441
19,9606.ENSP00000442424,611,IL22,0.9999374151229858
20,9606.ENSP00000302234,144,CCL11,0.9999371767044068
21,9606.ENSP00000006053,299,CX3CL1,0.9999369382858276
22,9606.ENSP00000011653,189,CD4,0.9999215602874756
23,9606.ENSP00000296027,306,CXCL5,0.9999159574508668
24,9606.ENSP00000226730,608,IL2,0.9999153614044191
25,9606.ENSP00000477908,162,CCL3,0.9999030828475952
26,9606.ENSP00000274520,635,IL9,0.9998856782913208
27,9606.ENSP00000306884,302,CXCL11,0.999881625175476
28,9606.ENSP00000225474,274,CSF3,0.9998708963394164
29,9606.ENSP00000219244,149,CCL17,0.9998526573181152
30,9606.ENSP00000308815,151,CCL19,0.9998251795768738
31,9606.ENSP00000219235,155,CCL22,0.9998236298561096
32,9606.ENSP00000398698,1121,TNF,0.9998183846473694
33,9606.ENSP00000379111,627,IL4R,0.9998182654380798
34,9606.ENSP00000296870,620,IL3,0.9998179078102112
35,9606.ENSP00000259631,160,CCL27,0.999816358089447
36,9606.ENSP00000286758,304,CXCL13,0.9998133778572084
37,9606.ENSP00000264657,1078,STAT3,0.9997794032096864
38,9606.ENSP00000306157,634,IL7R,0.9997573494911194
39,9606.ENSP00000259607,154,CCL21,0.9997531771659852
40,9606.ENSP00000327513,271,CSF1,0.9997445940971376
41,9606.ENSP00000225844,145,CCL13,0.9997389912605286
42,9606.ENSP00000369293,618,IL2RA,0.9997381567955016
43,9606.ENSP00000369581,561,IFNB1,0.9997325539588928
44,9606.ENSP00000339804,1163,TSLP,0.9997321963310242
45,9606.ENSP00000369554,558,IFNA2,0.999707281589508
46,9606.ENSP00000264832,548,ICAM1,0.99968421459198
47,9606.ENSP00000221930,1100,TGFB1,0.9996616840362548
48,9606.ENSP00000225842,143,CCL1,0.9996581077575684
49,9606.ENSP00000386380,601,IL1R1,0.9996576309204102
50,9606.ENSP00000227752,578,IL10RA,0.9996563196182252
51,9606.ENSP00000433642,415,FCGR3B,0.999652862548828
52,9606.ENSP00000264563,580,IL11,0.9996510744094848
53,9606.ENSP00000296029,875,PF4,0.9996414184570312
54,9606.ENSP00000357470,631,IL6R,0.999637007713318
55,9606.ENSP00000367832,166,CCL7,0.9996339082717896
56,9606.ENSP00000293778,305,CXCL16,0.9996223449707032
57,9606.ENSP00000378365,159,CCL26,0.9996057152748108
58,9606.ENSP00000332049,201,CD86,0.9996044039726256
59,9606.ENSP00000312652,689,LEP,0.9995675683021544
60,9606.ENSP00000226317,307,CXCL6,0.9995356798171996
61,9606.ENSP00000400533,157,CCL24,0.9995237588882446
62,9606.ENSP00000375086,158,CCL25,0.9994893074035645
63,9606.ENSP00000264246,198,CD80,0.9994835853576659
64,9606.ENSP00000354394,1077,STAT1,0.999474823474884
65,9606.ENSP00000352071,174,CD163,0.9994744658470154
66,9606.ENSP00000259206,607,IL1RN,0.9994418025016784
67,9606.ENSP00000497102,287,CTLA4,0.9994401335716248
68,9606.ENSP00000294728,1184,VCAM1,0.9994237422943116
69,9606.ENSP00000321345,614,IL23R,0.999419093132019
70,9606.ENSP00000479955,150,CCL18,0.9994114637374878
71,9606.ENSP00000296028,909,PPBP,0.999363362789154
72,9606.ENSP00000255030,268,CRP,0.999361217021942
73,9606.ENSP00000337432,590,IL17F,0.9993464350700378
74,9606.ENSP00000264498,429,FGF2,0.9993461966514589
75,9606.ENSP00000286301,272,CSF1R,0.9993316531181335
76,9606.ENSP00000302935,586,IL16,0.999297022819519
77,9606.ENSP00000499459,598,IL19,0.9992750287055968
78,9606.ENSP00000378118,167,CCL8,0.9992569088935852
79,9606.ENSP00000361405,775,MMP9,0.9992495179176332
80,9606.ENSP00000470788,581,IL12RB1,0.999200403690338
81,9606.ENSP00000356792,1197,XCL1,0.9991819262504578
82,9606.ENSP00000363318,619,IL2RG,0.9991518259048462
83,9606.ENSP00000356713,563,IFNGR1,0.9991044402122498
84,9606.ENSP00000270800,612,IL22RA1,0.9991011619567872
85,9606.ENSP00000362680,1073,SRC,0.999064028263092
86,9606.ENSP00000359663,190,CD40LG,0.9990553259849548
87,9606.ENSP00000290200,579,IL10RB,0.9990511536598206
88,9606.ENSP00000360730,584,IL13RA1,0.999040186405182
89,9606.ENSP00000252723,380,EPO,0.9989818930625916
90,9606.ENSP00000375795,615,IL24,0.9989537000656128
91,9606.ENSP00000215781,840,OSM,0.9989457726478576
92,9606.ENSP00000327890,625,IL3RA,0.998916745185852
93,9606.ENSP00000371067,648,JAK2,0.998906135559082
94,9606.ENSP00000262345,582,IL12RB2,0.998830497264862
95,9606.ENSP00000455897,778,MRC1,0.9988200068473816
96,9606.ENSP00000320936,591,IL17RA,0.9988170862197876
97,9606.ENSP00000370989,184,CD274,0.998810648918152
98,9606.ENSP00000457421,872,PECAM1,0.9988077878952026
99,9606.ENSP00000222390,517,HGF,0.9987927675247192
100,9606.ENSP00000498227,1005,SELL,0.9987682700157166
101,9606.ENSP00000333639,566,IFNL2,0.9987472295761108
102,9606.ENSP00000329991,565,IFNL1,0.9986894726753236
103,9606.ENSP00000431885,1165,TYK2,0.998677670955658
104,9606.ENSP00000260010,1117,TLR2,0.9986728429794312
105,9606.ENSP00000265171,355,EGF,0.9986696243286132
106,9606.ENSP00000288135,660,KIT,0.9986475110054016
107,9606.ENSP00000270139,560,IFNAR1,0.9986403584480286
108,9606.ENSP00000412209,629,IL5RA,0.9985839128494264
109,9606.ENSP00000370698,632,IL6ST,0.9985811710357666
110,9606.ENSP00000370978,267,CRLF2,0.998533010482788
111,9606.ENSP00000355627,28,AGT,0.9985097050666808
112,9606.ENSP00000376637,567,IGF1,0.9984493255615234
113,9606.ENSP00000218388,1112,TIMP1,0.9984140396118164
114,9606.ENSP00000354416,161,CCL28,0.9983826875686646
115,9606.ENSP00000261799,865,PDGFRB,0.998379111289978
116,9606.ENSP00000263379,617,IL27RA,0.9982950091362
117,9606.ENSP00000489597,954,PTPN11,0.9981924891471864
118,9606.ENSP00000300134,1079,STAT6,0.998055934906006
119,9606.ENSP00000257290,864,PDGFRA,0.9980478286743164
120,9606.ENSP00000299855,772,MMP3,0.9980242252349854
121,9606.ENSP00000362195,275,CSF3R,0.9978664517402648
122,9606.ENSP00000481357,156,CCL23,0.9978370070457458
123,9606.ENSP00000484078,147,CCL15,0.9978296160697936
124,9606.ENSP00000222139,381,EPOR,0.9977957010269164
125,9606.ENSP00000216341,501,GZMB,0.9977922439575196
126,9606.ENSP00000483330,164,CCL4L2,0.9977918863296508
127,9606.ENSP00000349446,64,ARG1,0.9977498650550842
128,9606.ENSP00000314976,610,IL20RA,0.9977345466613771
129,9606.ENSP00000319476,552,ICOS,0.9977110624313354
130,9606.ENSP00000358165,412,FCGR1A,0.9976636171340942
131,9606.ENSP00000267843,435,FGF7,0.9976354837417604
132,9606.ENSP00000403495,715,LTA,0.997528612613678
133,9606.ENSP00000480558,163,CCL3L1,0.997455894947052
134,9606.ENSP00000312002,512,HAVCR2,0.9972971081733704
135,9606.ENSP00000494504,1110,THPO,0.997287392616272
136,9606.ENSP00000239347,559,IFNA7,0.9972671270370485
137,9606.ENSP00000330393,690,LEPR,0.9972655773162842
138,9606.ENSP00000363089,1118,TLR4,0.997234046459198
139,9606.ENSP00000483403,476,GHR,0.9972189664840698
140,9606.ENSP00000346508,861,PDGFA,0.9971941709518432
141,9606.ENSP00000223095,1021,SERPINE1,0.9971816539764404
142,9606.ENSP00000478024,148,CCL16,0.9970924854278564
143,9606.ENSP00000351497,414,FCGR2B,0.9970797896385192
144,9606.ENSP00000296980,613,IL22RA2,0.9970710277557372
145,9606.ENSP00000369566,557,IFNA10,0.996987521648407
146,9606.ENSP00000263686,1006,SELP,0.9969664216041564
147,9606.ENSP00000330959,602,IL1R2,0.996871531009674
148,9606.ENSP00000415743,187,CD36,0.9968331456184388
149,9606.ENSP00000331736,1004,SELE,0.9968243837356568
150,9606.ENSP00000398368,699,LIFR,0.9968156218528748
151,9606.ENSP00000355370,248,CNTF,0.9967522621154784
152,9606.ENSP00000330382,862,PDGFB,0.9967430233955384
153,9606.ENSP00000378517,1071,SPP1,0.996728539466858
154,9606.ENSP00000368265,249,CNTFR,0.9966854453086852
155,9606.ENSP00000480132,797,NCAM1,0.9964600205421448
156,9606.ENSP00000387211,596,IL18R1,0.9962787032127379
157,9606.ENSP00000263923,654,KDR,0.9962471127510072
158,9606.ENSP00000362108,686,LCN2,0.9962350726127625
159,9606.ENSP00000458585,766,MMP12,0.9961321353912354
160,9606.ENSP00000381775,1142,TNFSF11,0.9959313273429872
161,9606.ENSP00000328111,616,IL25,0.9959051609039308
162,9606.ENSP00000302924,589,IL17D,0.9958263039588928
163,9606.ENSP00000225275,777,MPO,0.9957334399223328
164,9606.ENSP00000271450,413,FCGR2A,0.995697259902954
165,9606.ENSP00000264664,423,FGF10,0.9956954717636108
166,9606.ENSP00000368450,199,CD83,0.9956892132759094
167,9606.ENSP00000266557,183,CD27,0.9956444501876832
168,9606.ENSP00000361548,776,MPL,0.995595157146454
169,9606.ENSP00000311697,433,FGF5,0.9955468177795409
170,9606.ENSP00000228837,434,FGF6,0.9955322742462158
171,9606.ENSP00000352414,426,FGF17,0.9955019354820251
172,9606.ENSP00000399324,425,FGF16,0.9955002665519714
173,9606.ENSP00000322788,764,MMP1,0.9954764246940612
174,9606.ENSP00000356438,947,PTGS2,0.995352029800415
175,9606.ENSP00000384906,997,SAA1,0.9952880144119264
176,9606.ENSP00000240618,673,KLRK1,0.9951434135437012
177,9606.ENSP00000288167,592,IL17RB,0.9949630498886108
178,9606.ENSP00000203629,682,LAG3,0.9948801994323729
179,9606.ENSP00000274625,427,FGF18,0.9948737025260924
180,9606.ENSP00000219070,771,MMP2,0.9948701858520508
181,9606.ENSP00000371790,437,FGF9,0.9947760105133056
182,9606.ENSP00000168712,432,FGF4,0.9947386384010316
183,9606.ENSP00000264896,999,SCARB2,0.9946789741516112
184,9606.ENSP00000380432,640,INS,0.9946725964546204
185,9606.ENSP00000302569,241,CLEC7A,0.994649350643158
186,9606.ENSP00000321797,436,FGF8,0.9945737719535828
187,9606.ENSP00000391592,956,PTPN6,0.994516670703888
188,9606.ENSP00000265371,821,NRP1,0.9945154786109924
189,9606.ENSP00000389814,20,ADIPOQ,0.9943293929100036
190,9606.ENSP00000346839,450,FN1,0.9943016767501832
191,9606.ENSP00000401303,1034,SHC1,0.9942460656166076
192,9606.ENSP00000233954,605,IL1RL1,0.99415522813797
193,9606.ENSP00000380855,852,PDCD1LG2,0.9939855933189392
194,9606.ENSP00000368538,1138,TNFRSF4,0.9939297437667848
195,9606.ENSP00000355896,1101,TGFB2,0.993842840194702
196,9606.ENSP00000315477,179,CD209,0.9936058521270752
197,9606.ENSP00000221515,972,RETN,0.993575632572174
198,9606.ENSP00000180166,430,FGF20,0.99349045753479
199,9606.ENSP00000365048,1144,TNFSF13B,0.9932655096054076
200,9606.ENSP00000312673,475,GH1,0.9931522607803344
201,9606.ENSP00000262262,186,CD33,0.9931356906890868
202,9606.ENSP00000295981,593,IL17RC,0.9931263923645021
203,9606.ENSP00000478699,1141,TNFRSF9,0.9930150508880616
204,9606.ENSP00000369071,907,POSTN,0.9930075407028198
205,9606.ENSP00000362299,364,ENG,0.9929156303405762
206,9606.ENSP00000302150,928,PRL,0.9927862286567688
207,9606.ENSP00000314897,45,ANGPT2,0.992569625377655
208,9606.ENSP00000428340,44,ANGPT1,0.9921546578407288
209,9606.ENSP00000365435,1136,TNFRSF1B,0.9920459985733032
210,9606.ENSP00000451040,879,PGF,0.991862416267395
211,9606.ENSP00000162749,1135,TNFRSF1A,0.9918536543846129
212,9606.ENSP00000291890,799,NCR1,0.9917123317718506
213,9606.ENSP00000482954,929,PRLR,0.991641879081726
214,9606.ENSP00000389326,4,ACE2,0.9916266202926636
215,9606.ENSP00000369375,1093,TEK,0.9915964007377625
216,9606.ENSP00000261796,588,IL17B,0.9915002584457396
217,9606.ENSP00000226279,188,CD38,0.9914454221725464
218,9606.ENSP00000384092,904,POMC,0.9911632537841796
219,9606.ENSP00000356065,609,IL20,0.9911410808563232
220,9606.ENSP00000238682,1102,TGFB3,0.9910070300102234
221,9606.ENSP00000358525,803,NGF,0.9905299544334412
222,9606.ENSP00000052754,314,DCN,0.9904837608337402
223,9606.ENSP00000245907,112,C3,0.9904198050498962
224,9606.ENSP00000380421,585,IL15RA,0.9902114272117616
225,9606.ENSP00000220809,896,PLAT,0.9901494979858398
226,9606.ENSP00000341141,1036,SIGLEC1,0.9894263744354248
227,9606.ENSP00000250340,238,CLEC11A,0.9894227385520936
228,9606.ENSP00000480043,1185,VEGFC,0.9892131686210632
229,9606.ENSP00000263326,624,IL37,0.9891923069953918
230,9606.ENSP00000245414,642,IRF1,0.9891793727874756
231,9606.ENSP00000480791,422,FGF1,0.9889455437660216
232,9606.ENSP00000281834,1148,TNFSF4,0.9887768626213074
233,9606.ENSP00000386378,178,CD207,0.9887651205062866
234,9606.ENSP00000484431,192,CD48,0.9885497689247132
235,9606.ENSP00000387356,3,ACAN,0.9884381890296936
236,9606.ENSP00000466090,363,ELANE,0.9882214665412904
237,9606.ENSP00000236826,774,MMP8,0.9880635142326356
238,9606.ENSP00000279804,286,CTF1,0.9879236817359924
239,9606.ENSP00000357726,992,S100A12,0.9877434968948364
240,9606.ENSP00000365227,30,AIF1,0.987681806087494
241,9606.ENSP00000243347,1122,TNFAIP6,0.9872117638587952
242,9606.ENSP00000414303,87,BDNF,0.9871980547904968
243,9606.ENSP00000478763,1041,SIRPA,0.9871451258659364
244,9606.ENSP00000328207,1133,TNFRSF18,0.9871276617050172
245,9606.ENSP00000356694,409,FASLG,0.9871045351028442
246,9606.ENSP00000371425,564,IFNGR2,0.9868120551109314
247,9606.ENSP00000254301,692,LGALS3,0.9867720007896424
248,9606.ENSP00000261937,449,FLT4,0.9865292310714722
249,9606.ENSP00000353198,957,PYY,0.9860348701477052
250,9606.ENSP00000379097,63,AREG,0.9859350919723512
251,9606.ENSP00000479097,146,CCL14,0.9858425259590148
252,9606.ENSP00000327336,89,BGN,0.9857980608940125
253,9606.ENSP00000387662,462,GCG,0.9855776429176332
254,9606.ENSP00000351905,1104,TGFBR2,0.9854943752288818
255,9606.ENSP00000347948,1131,TNFRSF14,0.9854909181594848
256,9606.ENSP00000334145,397,F3,0.9853336215019226
257,9606.ENSP00000335074,477,GHRL,0.9853001236915588
258,9606.ENSP00000405453,782,MSR1,0.9852417111396791
259,9606.ENSP00000295897,37,ALB,0.9851085543632508
260,9606.ENSP00000433208,948,PTH,0.9850844740867616
261,9606.ENSP00000260356,1107,THBS1,0.9846737384796144
262,9606.ENSP00000323929,0,A2M,0.9842340350151062
263,9606.ENSP00000261405,1191,VWF,0.9837956428527832
264,9606.ENSP00000314807,603,IL1RAP,0.9836242198944092
265,9606.ENSP00000356954,168,CCN2,0.9832977056503296
266,9606.ENSP00000264257,606,IL1RL2,0.9830834865570068
267,9606.ENSP00000342156,801,NCR3,0.9830558300018309
268,9606.ENSP00000431418,829,NTRK1,0.9827805757522584
269,9606.ENSP00000317272,755,MET,0.9826731681823729
270,9606.ENSP00000308541,396,F2,0.9825729131698608
271,9606.ENSP00000237837,431,FGF23,0.9822413325309752
272,9606.ENSP00000255409,227,CHI3L1,0.9822301864624025
273,9606.ENSP00000260302,767,MMP13,0.9820634126663208
274,9606.ENSP00000297904,1186,VEGFD,0.9818452596664428
275,9606.ENSP00000272190,970,REN,0.98129004240036
276,9606.ENSP00000263932,1140,TNFRSF8,0.9809929728507996
277,9606.ENSP00000244007,899,PLCG1,0.980687975883484
278,9606.ENSP00000395294,197,CD70,0.9805936217308044
279,9606.ENSP00000231061,1062,SPARC,0.980050265789032
280,9606.ENSP00000252486,59,APOE,0.9795682430267334
281,9606.ENSP00000493985,674,KNG1,0.979318916797638
282,9606.ENSP00000363157,1146,TNFSF15,0.9792274832725524
283,9606.ENSP00000483570,108,BTK,0.9791793823242188
284,9606.ENSP00000361850,897,PLAU,0.9787209033966064
285,9606.ENSP00000226218,1190,VTN,0.9781031608581544
286,9606.ENSP00000245817,1150,TNFSF9,0.9780489206314088
287,9606.ENSP00000262768,1113,TIMP2,0.9779698848724364
288,9606.ENSP00000241453,447,FLT3,0.9772696495056152
289,9606.ENSP00000274306,500,GZMA,0.9771277904510498
290,9606.ENSP00000357255,88,BGLAP,0.9768677949905396
291,9606.ENSP00000348170,534,HP,0.9768035411834716
292,9606.ENSP00000410294,439,FGFR2,0.9764648079872132
293,9606.ENSP00000252809,465,GDF15,0.9764452576637268
294,9606.ENSP00000434717,595,IL18BP,0.9763749241828918
295,9606.ENSP00000376345,492,GRB2,0.9761595726013184
296,9606.ENSP00000420298,176,CD200,0.975411593914032
297,9606.ENSP00000264260,597,IL18RAP,0.9753708839416504
298,9606.ENSP00000497290,210,CDH5,0.9753061532974244
299,9606.ENSP00000260227,773,MMP7,0.9752407073974608
300,9606.ENSP00000277120,830,NTRK2,0.9744488000869752
301,9606.ENSP00000393312,438,FGFR1,0.9738136529922484
302,9606.ENSP00000085219,180,CD22,0.9736484289169312
303,9606.ENSP00000223795,1149,TNFSF8,0.9735229611396791
304,9606.ENSP00000497069,568,IGF1R,0.9733896851539612
305,9606.ENSP00000484824,786,MUC1,0.973159670829773
306,9606.ENSP00000231751,719,LTF,0.973010003566742
307,9606.ENSP00000409007,470,GDNF,0.9727316498756408
308,9606.ENSP00000357711,995,S100A7,0.9723955988883972
309,9606.ENSP00000160262,550,ICAM3,0.9723891019821168
310,9606.ENSP00000283147,96,BMP6,0.972114324569702
311,9606.ENSP00000397297,825,NTF3,0.9717227220535278
312,9606.ENSP00000262160,1050,SMAD2,0.9717005491256714
313,9606.ENSP00000217407,684,LBP,0.9709495306015016
314,9606.ENSP00000397863,621,IL34,0.9708723425865172
315,9606.ENSP00000356671,1019,SERPINC1,0.970770001411438
316,9606.ENSP00000339477,553,ICOSLG,0.9707539081573486
317,9606.ENSP00000264072,411,FCER2,0.96964830160141
318,9606.ENSP00000287641,1075,SST,0.969523787498474
319,9606.ENSP00000216336,294,CTSG,0.9690443277359008
320,9606.ENSP00000378408,490,GPT,0.9677992463111876
321,9606.ENSP00000428924,723,LYN,0.9675459861755372
322,9606.ENSP00000256759,453,FST,0.9671382308006288
323,9606.ENSP00000365012,514,HCK,0.96699857711792
324,9606.ENSP00000339328,898,PLAUR,0.9665851593017578
325,9606.ENSP00000370473,572,IGFBP3,0.9657965898513794
326,9606.ENSP00000416066,1012,SERPINA1,0.9652817249298096
327,9606.ENSP00000308938,900,PLG,0.965234875679016
328,9606.ENSP00000355361,191,CD47,0.9652156233787536
329,9606.ENSP00000260950,785,MSTN,0.9648392796516418
330,9606.ENSP00000259211,622,IL36A,0.964707374572754
331,9606.ENSP00000355751,1108,THBS2,0.964650571346283
332,9606.ENSP00000378856,697,LGALS9,0.964245080947876
333,9606.ENSP00000471894,509,HAMP,0.9642247557640076
334,9606.ENSP00000230990,513,HBEGF,0.9636286497116088
335,9606.ENSP00000303830,641,INSR,0.9632568359375
336,9606.ENSP00000362181,800,NCR2,0.9631349444389344
337,9606.ENSP00000477713,685,LCK,0.9628602266311646
338,9606.ENSP00000259213,623,IL36B,0.9618016481399536
339,9606.ENSP00000352798,254,COL18A1,0.9617462754249572
340,9606.ENSP00000250378,244,CMA1,0.9617242217063904
341,9606.ENSP00000388001,834,OAS1,0.9604973196983336
342,9606.ENSP00000311035,177,CD200R1,0.9601960778236388
343,9606.ENSP00000308208,768,MMP14,0.9596864581108092
344,9606.ENSP00000256178,725,LYVE1,0.9590579867362976
345,9606.ENSP00000351209,374,EPHA2,0.958614468574524
346,9606.ENSP00000493716,353,EFNB2,0.958379566669464
347,9606.ENSP00000385470,1147,TNFSF18,0.95702463388443
348,9606.ENSP00000356198,228,CHIT1,0.9556353092193604
349,9606.ENSP00000436607,21,ADM,0.9555387496948242
350,9606.ENSP00000375629,701,LILRB2,0.9553616046905518
351,9606.ENSP00000357012,182,CD244,0.9553220272064208
352,9606.ENSP00000357981,296,CTSS,0.954918086528778
353,9606.ENSP00000278407,1025,SERPING1,0.954656183719635
354,9606.ENSP00000436423,478,GNLY,0.9539012908935548
355,9606.ENSP00000360871,416,FCN1,0.953435719013214
356,9606.ENSP00000266041,645,ITIH4,0.9531443119049072
357,9606.ENSP00000290953,27,AGRP,0.9525763988494872
358,9606.ENSP00000364210,25,AGER,0.952513575553894
359,9606.ENSP00000422464,863,PDGFC,0.9517148733139038
360,9606.ENSP00000264187,804,NID1,0.9514421820640564
361,9606.ENSP00000266718,720,LUM,0.9505529403686525
362,9606.ENSP00000357036,1044,SLAMF6,0.9491875171661376
363,9606.ENSP00000356213,1187,VIP,0.948862612247467
364,9606.ENSP00000469455,826,NTF4,0.9484477639198304
365,9606.ENSP00000233813,574,IGFBP5,0.9473734498023988
366,9606.ENSP00000379204,97,BMP7,0.9468040466308594
367,9606.ENSP00000342235,386,ERBB4,0.946583092212677
368,9606.ENSP00000215368,348,EFNA2,0.9464592933654784
369,9606.ENSP00000328181,810,NOG,0.9457443952560424
370,9606.ENSP00000275493,356,EGFR,0.9452959299087524
371,9606.ENSP00000328777,351,EFNA5,0.9448293447494508
372,9606.ENSP00000339186,491,GRAP2,0.9445025324821472
373,9606.ENSP00000329797,126,CADM1,0.9438032507896424
374,9606.ENSP00000356975,15,ADAMTS4,0.9435853958129884
375,9606.ENSP00000296318,594,IL17RD,0.9421775341033936
376,9606.ENSP00000332973,1051,SMAD3,0.9419204592704772
377,9606.ENSP00000266085,1114,TIMP3,0.9413422942161559
378,9606.ENSP00000419260,887,PIK3CG,0.94068044424057
379,9606.ENSP00000176195,1003,SCT,0.9406626224517822
380,9606.ENSP00000360683,953,PTPN1,0.9402474761009216
381,9606.ENSP00000341170,952,PTN,0.9389899969100952
382,9606.ENSP00000234347,938,PRTN3,0.9389375448226928
383,9606.ENSP00000356399,219,CFH,0.9388964772224426
384,9606.ENSP00000279441,765,MMP10,0.9387386441230774
385,9606.ENSP00000360181,1032,SH2D1A,0.9383559226989746
386,9606.ENSP00000284987,16,ADAMTS5,0.9372738003730774
387,9606.ENSP00000418009,962,RARRES2,0.9369769096374512
388,9606.ENSP00000363081,323,DKK1,0.936679482460022
389,9606.ENSP00000498466,408,FAS,0.9365566968917848
390,9606.ENSP00000365651,815,NPPB,0.9363600611686708
391,9606.ENSP00000339824,440,FGFR3,0.936021089553833
392,9606.ENSP00000246006,202,CD93,0.9357627034187316
393,9606.ENSP00000273784,29,AHSG,0.9356561303138732
394,9606.ENSP00000292408,441,FGFR4,0.93558669090271
395,9606.ENSP00000294312,428,FGF19,0.9355245232582092
396,9606.ENSP00000301691,1061,SOST,0.9353930950164796
397,9606.ENSP00000267101,385,ERBB3,0.9339751601219176
398,9606.ENSP00000233997,76,AZU1,0.9335173964500428
399,9606.ENSP00000357022,1045,SLAMF7,0.933302640914917
400,9606.ENSP00000441765,949,PTHLH,0.9333012700080872
401,9606.ENSP00000264972,1205,ZAP70,0.93260657787323
402,9606.ENSP00000218758,6,ACP5,0.932158589363098
403,9606.ENSP00000247153,223,CFP,0.9317654371261596
404,9606.ENSP00000321853,1024,SERPINF2,0.9315052628517152
405,9606.ENSP00000263025,736,MAPK3,0.9312306642532348
406,9606.ENSP00000444271,110,C1R,0.9303602576255798
407,9606.ENSP00000461947,181,CD226,0.9297386407852172
408,9606.ENSP00000472929,1183,VAV1,0.9295263290405272
409,9606.ENSP00000341189,950,PTK2,0.9288938641548156
410,9606.ENSP00000361554,1111,TIE1,0.9286379814147948
411,9606.ENSP00000363708,100,BMPR2,0.9279201626777648
412,9606.ENSP00000414378,350,EFNA4,0.9279160499572754
413,9606.ENSP00000226284,547,IBSP,0.9272260069847108
414,9606.ENSP00000466009,916,PPY,0.9270366430282592
415,9606.ENSP00000385451,751,MDK,0.9265739917755128
416,9606.ENSP00000275525,570,IGFBP1,0.9265474677085876
417,9606.ENSP00000265983,536,HPX,0.9263639450073242
418,9606.ENSP00000346671,459,FYN,0.9261812567710876
419,9606.ENSP00000336762,43,ANG,0.9260377287864684
420,9606.ENSP00000232003,537,HRG,0.9253510236740112
421,9606.ENSP00000442656,7,ACVR1B,0.9250671863555908
422,9606.ENSP00000053243,1132,TNFRSF17,0.9250392317771912
423,9606.ENSP00000315997,700,LILRB1,0.9249929785728456
424,9606.ENSP00000364709,394,F10,0.9241368174552916
425,9606.ENSP00000357393,349,EFNA3,0.9240436553955078
426,9606.ENSP00000252229,761,MICB,0.9236047863960266
427,9606.ENSP00000223642,113,C5,0.9235416054725648
428,9606.ENSP00000336829,442,FGG,0.923365831375122
429,9606.ENSP00000204961,352,EFNB1,0.9232518076896667
430,9606.ENSP00000261652,1129,TNFRSF13B,0.9221779108047484
431,9606.ENSP00000356030,193,CD55,0.9221656322479248
432,9606.ENSP00000364731,399,F7,0.9217664003372192
433,9606.ENSP00000348888,886,PIGR,0.921448051929474
434,9606.ENSP00000256857,496,GRP,0.9211902618408204
435,9606.ENSP00000347942,971,RET,0.9211886525154114
436,9606.ENSP00000311857,955,PTPN2,0.921141803264618
437,9606.ENSP00000360997,13,ADAMTS13,0.9206013679504396
438,9606.ENSP00000363079,749,MBL2,0.9204939603805542
439,9606.ENSP00000262865,103,BPI,0.9194631576538086
440,9606.ENSP00000498587,811,NOTCH1,0.9183948040008544
441,9606.ENSP00000323328,1039,SIGLEC7,0.917438268661499
442,9606.ENSP00000373574,8,ACVRL1,0.9171801805496216
443,9606.ENSP00000305988,38,ALCAM,0.9168802499771118
444,9606.ENSP00000331210,80,BCAN,0.9164547324180604
445,9606.ENSP00000347591,472,GFRA1,0.9163763523101808
446,9606.ENSP00000428518,473,GFRA2,0.9159336090087892
447,9606.ENSP00000243924,883,PI3,0.9140732288360596
448,9606.ENSP00000216338,502,GZMH,0.9139822721481324
449,9606.ENSP00000269593,573,IGFBP4,0.9130984544754028
450,9606.ENSP00000361366,1030,SFTPD,0.9125038981437684
451,9606.ENSP00000242208,639,INHBA,0.9122711420059204
452,9606.ENSP00000305714,94,BMP1,0.9120331406593324
453,9606.ENSP00000463051,466,GDF2,0.9113417267799376
454,9606.ENSP00000244869,387,EREG,0.9112820029258728
455,9606.ENSP00000462647,17,ADCYAP1,0.9110365509986876
456,9606.ENSP00000363117,443,FGR,0.9106926918029784
457,9606.ENSP00000347714,410,FCAR,0.9106804132461548
458,9606.ENSP00000350896,378,EPHB4,0.9106761813163756
459,9606.ENSP00000342082,1049,SLPI,0.910502791404724
460,9606.ENSP00000370812,391,ESM1,0.9104105234146118
461,9606.ENSP00000215727,1020,SERPIND1,0.9103029370307922
462,9606.ENSP00000274721,474,GFRA3,0.9102862477302552
463,9606.ENSP00000261267,726,LYZ,0.9097678065299988
464,9606.ENSP00000361107,99,BMPR1A,0.9096265435218812
465,9606.ENSP00000330658,847,PAPPA,0.9095831513404846
466,9606.ENSP00000008938,881,PGLYRP1,0.9092269539833068
467,9606.ENSP00000264690,671,KLKB1,0.9092180132865906
468,9606.ENSP00000365663,814,NPPA,0.9087814688682556
469,9606.ENSP00000301455,48,ANGPTL4,0.908751904964447
470,9606.ENSP00000181383,261,CPB2,0.9082093834877014
471,9606.ENSP00000468253,218,CFD,0.9081489443778992
472,9606.ENSP00000265362,1007,SEMA3A,0.9073802828788756
473,9606.ENSP00000360522,966,RBP4,0.9062805771827698
474,9606.ENSP00000357727,996,S100A9,0.9052654504776
475,9606.ENSP00000226091,354,EFNB3,0.9040376543998718
476,9606.ENSP00000269571,384,ERBB2,0.9031155705451964
477,9606.ENSP00000218099,400,F9,0.9029186367988586
478,9606.ENSP00000350402,519,HHLA2,0.9027280807495116
479,9606.ENSP00000371347,46,ANGPT4,0.9027180671691896
480,9606.ENSP00000245810,945,PSPN,0.9026535749435424
481,9606.ENSP00000233242,57,APOB,0.902276575565338
482,9606.ENSP00000378131,221,CFI,0.9022029638290404
483,9606.ENSP00000236850,56,APOA1,0.8999316096305847
484,9606.ENSP00000384957,395,F11,0.8996451497077942
485,9606.ENSP00000309124,837,OLR1,0.8995586037635803
486,9606.ENSP00000378485,744,MATK,0.8994125723838806
487,9606.ENSP00000363492,467,GDF5,0.8978214263916016
488,9606.ENSP00000254958,646,JAG1,0.8977217078208923
489,9606.ENSP00000295633,454,FSTL1,0.8974703550338745
490,9606.ENSP00000372313,780,MSLN,0.8970769643783569
491,9606.ENSP00000387435,69,ARTN,0.8970600962638855
492,9606.ENSP00000413861,1040,SIGLEC9,0.8953303694725037
493,9606.ENSP00000274793,895,PLA2G7,0.8947985172271729
494,9606.ENSP00000227348,269,CRTAM,0.8945544362068176
495,9606.ENSP00000479536,175,CD177,0.8943461179733276
496,9606.ENSP00000254722,1023,SERPINF1,0.8937729597091675
497,9606.ENSP00000234071,930,PROC,0.8918222188949585
498,9606.ENSP00000483713,672,KLRF1,0.8887434005737305
499,9606.ENSP00000166139,455,FSTL3,0.8874381184577942
500,9606.ENSP00000357668,10,ADAM12,0.8869451880455017
501,9606.ENSP00000296280,743,MASP1,0.8866283297538757
502,9606.ENSP00000339730,1109,THBS4,0.8845718502998352
503,9606.ENSP00000378409,1188,VSIR,0.8839036226272583
504,9606.ENSP00000337014,524,HJV,0.8831520080566406
505,9606.ENSP00000257868,464,GDF11,0.8827574253082275
506,9606.ENSP00000249749,328,DLL4,0.88251131772995
507,9606.ENSP00000305422,215,CEBPB,0.8819851875305176
508,9606.ENSP00000229708,1177,ULBP1,0.8789156079292297
509,9606.ENSP00000212355,1105,TGFBR3,0.8775966167449951
510,9606.ENSP00000381448,281,CST3,0.87758868932724
511,9606.ENSP00000416561,216,CFB,0.8760709762573242
512,9606.ENSP00000326159,666,KLK4,0.8757064342498779
513,9606.ENSP00000341838,1152,TNNI3,0.8755788207054138
514,9606.ENSP00000233809,571,IGFBP2,0.8736682534217834
515,9606.ENSP00000498879,194,CD59,0.8730772137641907
516,9606.ENSP00000284984,12,ADAMTS1,0.8724707365036011
517,9606.ENSP00000369816,1033,SHBG,0.8722106218338013
518,9606.ENSP00000379138,24,AFP,0.868922233581543
519,9606.ENSP00000377836,484,GPC3,0.8670103549957275
520,9606.ENSP00000298527,239,CLEC1B,0.8667188882827759
521,9606.ENSP00000312367,200,CD84,0.8651067614555359
522,9606.ENSP00000337451,375,EPHA3,0.8639955520629883
523,9606.ENSP00000383053,377,EPHB2,0.863296389579773
524,9606.ENSP00000263798,1167,TYRO3,0.8632628321647644
525,9606.ENSP00000356320,1178,ULBP2,0.8619387149810791
526,9606.ENSP00000258526,903,PLXNC1,0.8618171215057373
527,9606.ENSP00000275815,372,EPHA1,0.8618038892745972
528,9606.ENSP00000361663,604,IL1RAPL2,0.8612023591995239
529,9606.ENSP00000384371,86,BCL6,0.8611435890197754
530,9606.ENSP00000308782,482,GP6,0.8608103394508362
531,9606.ENSP00000291744,417,FCN2,0.8602324128150941
532,9606.ENSP00000278927,389,ESAM,0.8602063059806824
533,9606.ENSP00000295379,95,BMP10,0.8594223260879517
534,9606.ENSP00000498748,493,GREM1,0.8587557077407837
535,9606.ENSP00000364700,838,OMD,0.8584617972373962
536,9606.ENSP00000415283,549,ICAM2,0.8569324016571045
537,9606.ENSP00000269141,208,CDH2,0.8568780422210693
538,9606.ENSP00000263285,722,LY9,0.8564820885658264
539,9606.ENSP00000188790,407,FAP,0.8561655282974243
540,9606.ENSP00000462468,1200,YES1,0.8551148176193237
541,9606.ENSP00000496491,1008,SEMA3E,0.8544294238090515
542,9606.ENSP00000295834,401,FABP1,0.8542395830154419
543,9606.ENSP00000216492,226,CHGA,0.8532393574714661
544,9606.ENSP00000378534,754,MEPE,0.8532354235649109
545,9606.ENSP00000270879,418,FCN3,0.8520578145980835
546,9606.ENSP00000243077,707,LRP1,0.8519800901412964
547,9606.ENSP00000256785,220,CFHR5,0.8514218330383301
548,9606.ENSP00000414856,1063,SPARCL1,0.8505058288574219
549,9606.ENSP00000299367,111,C2,0.8504870533943176
550,9606.ENSP00000356771,398,F5,0.8479276895523071
551,9606.ENSP00000332879,445,FLRT2,0.8473806381225586
552,9606.ENSP00000293825,1143,TNFSF12,0.8463287353515625
553,9606.ENSP00000307513,779,MRC2,0.845011293888092
554,9606.ENSP00000297350,1127,TNFRSF11B,0.8442139029502869
555,9606.ENSP00000233156,1098,TFPI,0.8434788584709167
556,9606.ENSP00000265131,1120,TNC,0.8421954512596129
557,9606.ENSP00000362817,402,FABP3,0.8412237763404846
558,9606.ENSP00000226355,23,AFM,0.8411897420883179
559,9606.ENSP00000271331,931,PROK1,0.8410776853561401
560,9606.ENSP00000481994,379,EPHB6,0.8404598832130432
561,9606.ENSP00000378401,1068,SPOCK1,0.8390735983848572
562,9606.ENSP00000315130,243,CLU,0.8387979865074158
563,9606.ENSP00000287842,819,NRG1,0.8385295867919922
564,9606.ENSP00000357156,195,CD5L,0.8378455638885498
565,9606.ENSP00000222381,905,PON1,0.8372309803962708
566,9606.ENSP00000451172,1015,SERPINA4,0.8364315629005432
567,9606.ENSP00000339912,446,FLRT3,0.8363419771194458
568,9606.ENSP00000370912,1092,TEC,0.8351866602897644
569,9606.ENSP00000358045,342,ECM1,0.8348990082740784
570,9606.ENSP00000362139,373,EPHA10,0.8345904350280762
571,9606.ENSP00000255040,55,APCS,0.8345675468444824
572,9606.ENSP00000256646,812,NOTCH2,0.8339424729347229
573,9606.ENSP00000447730,196,CD63,0.8335853815078735
574,9606.ENSP00000295113,452,FRZB,0.8326650261878967
575,9606.ENSP00000352288,902,PLXNB2,0.8324698209762573
576,9606.ENSP00000286614,769,MMP16,0.8319582939147949
577,9606.ENSP00000383364,892,PLA2G2A,0.8319475054740906
578,9606.ENSP00000295666,576,IGFBP7,0.8307396769523621
579,9606.ENSP00000480763,376,EPHA5,0.8299922347068787
580,9606.ENSP00000221496,40,AMH,0.8259575366973877
581,9606.ENSP00000499593,1153,TNNT2,0.8257285952568054
582,9606.ENSP00000206423,142,CCDC80,0.8254516720771791
583,9606.ENSP00000261994,1013,SERPINA10,0.8252825140953064
584,9606.ENSP00000348635,651,JAML,0.8245880603790283
585,9606.ENSP00000228740,716,LTA4H,0.8236614465713501
586,9606.ENSP00000369286,721,LY86,0.8228604197502136
587,9606.ENSP00000246841,444,FLRT1,0.8221821784973145
588,9606.ENSP00000317674,60,APOL1,0.8215479850769043
589,9606.ENSP00000473047,661,KLK11,0.8198221325874329
590,9606.ENSP00000406022,1180,UNC5C,0.8194447159767151
591,9606.ENSP00000324763,1192,WFIKKN1,0.8180989027023315
592,9606.ENSP00000316228,240,CLEC4M,0.8175563216209412
593,9606.ENSP00000325525,658,KIR3DL2,0.8165406584739685
594,9606.ENSP00000416330,1103,TGFBI,0.8140162825584412
595,9606.ENSP00000354207,831,NTRK3,0.8140048384666443
596,9606.ENSP00000345347,527,HMGB1,0.8134586215019226
597,9606.ENSP00000257414,1010,SEMA6A,0.8133068084716797
598,9606.ENSP00000339634,657,KIR2DL4,0.8128658533096313
599,9606.ENSP00000325917,850,PCSK7,0.8122038841247559
600,9606.ENSP00000329380,481,GP1BA,0.8115875720977783
601,9606.ENSP00000385143,1181,UNC5D,0.811428427696228
602,9606.ENSP00000173229,827,NTN1,0.811323344707489
603,9606.ENSP00000250160,170,CCN4,0.811008095741272
604,9606.ENSP00000356308,1179,ULBP3,0.8107594847679138
605,9606.ENSP00000259526,169,CCN3,0.8100777864456177
606,9606.ENSP00000329374,1018,SERPINA7,0.808694064617157
607,9606.ENSP00000292377,483,GPC2,0.8085432052612305
608,9606.ENSP00000256078,677,KRAS,0.8060470819473267
609,9606.ENSP00000219022,836,OLFM4,0.8044678568840027
610,9606.ENSP00000263388,813,NOTCH3,0.8038809895515442
611,9606.ENSP00000228918,718,LTBR,0.8037575483322144
612,9606.ENSP00000357704,993,S100A4,0.8031467199325562
613,9606.ENSP00000356899,319,DDR2,0.8029793500900269
614,9606.ENSP00000259241,538,HS6ST1,0.8028237819671631
615,9606.ENSP00000299106,650,JAM3,0.8023357987403871
616,9606.ENSP00000216286,805,NID2,0.8015687465667725
617,9606.ENSP00000356791,332,DPT,0.8007569909095764
618,9606.ENSP00000263408,116,C9,0.8000089526176453
619,9606.ENSP00000301464,575,IGFBP6,0.7994876503944397
620,9606.ENSP00000350364,802,NEGR1,0.7964634299278259
621,9606.ENSP00000311184,1193,WFIKKN2,0.7961399555206299
622,9606.ENSP00000330633,251,CNTN2,0.7960324287414551
623,9606.ENSP00000378367,820,NRG4,0.7959672212600708
624,9606.ENSP00000385834,1094,TF,0.7953625917434692
625,9606.ENSP00000389026,265,CRISP3,0.7939091324806213
626,9606.ENSP00000421801,518,HGFAC,0.7938370704650879
627,9606.ENSP00000311905,717,LTBP4,0.7935863137245178
628,9606.ENSP00000357169,419,FCRL3,0.7932203412055969
629,9606.ENSP00000365081,61,APOM,0.7917123436927795
630,9606.ENSP00000469049,1145,TNFSF14,0.7914444208145142
631,9606.ENSP00000386104,262,CPE,0.7904399037361145
632,9606.ENSP00000355110,1052,SMOC1,0.789007842540741
633,9606.ENSP00000359013,1139,TNFRSF6B,0.7874014973640442
634,9606.ENSP00000285018,1196,WNT7A,0.7860442996025085
635,9606.ENSP00000308219,974,RGMB,0.78560471534729
636,9606.ENSP00000497748,98,BMPER,0.7855707406997681
637,9606.ENSP00000497910,77,B2M,0.7847793698310852
638,9606.ENSP00000360170,47,ANGPTL3,0.7837995290756226
639,9606.ENSP00000286733,790,NAAA,0.78187495470047
640,9606.ENSP00000419446,11,ADAM9,0.7812360525131226
641,9606.ENSP00000268150,758,MFGE8,0.7791107296943665
642,9606.ENSP00000393847,890,PLA2G10,0.7787804603576659
643,9606.ENSP00000467290,1011,SEMA6B,0.7783657312393188
644,9606.ENSP00000345179,58,APOD,0.7778495550155641
645,9606.ENSP00000305603,457,FUT3,0.7766032814979553
646,9606.ENSP00000377783,932,PROS1,0.7756624817848206
647,9606.ENSP00000322061,115,C7,0.7748667001724243
648,9606.ENSP00000342850,1017,SERPINA6,0.7748138904571533
649,9606.ENSP00000357106,127,CADM3,0.7746544480323792
650,9606.ENSP00000364028,341,ECE1,0.7743549942970276
651,9606.ENSP00000220812,325,DKK4,0.7739756107330322
652,9606.ENSP00000333203,1016,SERPINA5,0.7736748456954956
653,9606.ENSP00000300574,266,CRK,0.7726603150367737
654,9606.ENSP00000220772,1029,SFRP1,0.7722762227058411
655,9606.ENSP00000371936,1009,SEMA5A,0.7714725732803345
656,9606.ENSP00000417273,798,NCK1,0.7684798836708069
657,9606.ENSP00000367668,763,MMEL1,0.7681202292442322
658,9606.ENSP00000319883,18,ADGRE2,0.7675583362579346
659,9606.ENSP00000280904,333,DSC2,0.7667025923728943
660,9606.ENSP00000413496,424,FGF12,0.7666963934898376
661,9606.ENSP00000308720,933,PRSS1,0.7658758163452148
662,9606.ENSP00000352835,747,MB,0.7647888660430908
663,9606.ENSP00000222553,793,NAMPT,0.7636718153953552
664,9606.ENSP00000353767,770,MMP17,0.7606834173202515
665,9606.ENSP00000368314,818,NRCAM,0.7595499753952026
666,9606.ENSP00000333947,231,CHST15,0.759390652179718
667,9606.ENSP00000379092,107,BTC,0.7584872245788574
668,9606.ENSP00000411770,257,COLEC11,0.7565630078315735
669,9606.ENSP00000427562,2,ABL2,0.7560792565345764
670,9606.ENSP00000375678,664,KLK14,0.7555205225944519
671,9606.ENSP00000326737,1128,TNFRSF12A,0.7539017796516418
672,9606.ENSP00000353608,334,DSC3,0.7529236674308777
673,9606.ENSP00000401502,1038,SIGLEC6,0.7528600692749023
674,9606.ENSP00000450540,1014,SERPINA3,0.7521212100982666
675,9606.ENSP00000470129,759,MIA,0.7517682909965515
676,9606.ENSP00000321856,264,CRELD1,0.7513986229896545
677,9606.ENSP00000262776,693,LGALS3BP,0.7506757378578186
678,9606.ENSP00000303208,851,PCSK9,0.7503419518470764
679,9606.ENSP00000408695,921,PRKCA,0.7491530776023865
680,9606.ENSP00000415786,1022,SERPINE2,0.7490394115447998
681,9606.ENSP00000291232,1130,TNFRSF13C,0.7488083839416504
682,9606.ENSP00000296145,1091,TDGF1,0.7482996582984924
683,9606.ENSP00000274341,510,HAPLN1,0.7482687830924988
684,9606.ENSP00000321108,1069,SPOCK2,0.7480174899101257
685,9606.ENSP00000373539,1076,STAB2,0.7479515075683594
686,9606.ENSP00000244930,1002,SCGB2A1,0.7471590638160706
687,9606.ENSP00000452126,973,RGMA,0.7441514134407043
688,9606.ENSP00000329507,185,CD300C,0.7440198659896851
689,9606.ENSP00000354090,1037,SIGLEC14,0.743827223777771
690,9606.ENSP00000360120,979,ROR1,0.7427348494529724
691,9606.ENSP00000220003,276,CSK,0.7405920624732971
692,9606.ENSP00000299164,14,ADAMTS15,0.7384010553359985
693,9606.ENSP00000469613,448,FLT3LG,0.7383003234863281
694,9606.ENSP00000433112,324,DKK3,0.7373096942901611
695,9606.ENSP00000419124,404,FAM107A,0.7353107929229736
696,9606.ENSP00000361112,230,CHRDL1,0.7344273328781128
697,9606.ENSP00000290271,1080,STC1,0.7334204316139221
698,9606.ENSP00000488437,934,PRSS2,0.7289624214172363
699,9606.ENSP00000259216,217,CFC1,0.7260953187942505
700,9606.ENSP00000253408,471,GFAP,0.7258144617080688
701,9606.ENSP00000265029,421,FETUB,0.7251319885253906
702,9606.ENSP00000312286,891,PLA2G1B,0.7246245741844177
703,9606.ENSP00000242786,19,ADGRE5,0.722346842288971
704,9606.ENSP00000342098,1066,SPINT1,0.7211899757385254
705,9606.ENSP00000405841,991,RXFP1,0.721135139465332
706,9606.ENSP00000470555,663,KLK13,0.7201941013336182
707,9606.ENSP00000307911,232,CHST2,0.7187785506248474
708,9606.ENSP00000281092,420,FER,0.7175843119621277
709,9606.ENSP00000442157,884,PIANP,0.7174229025840759
710,9606.ENSP00000367942,468,GDF9,0.7173330783843994
711,9606.ENSP00000221498,326,DKKL1,0.7140742540359497
712,9606.ENSP00000383115,258,COLEC12,0.7135539650917053
713,9606.ENSP00000427552,318,DDR1,0.7127534747123718
714,9606.ENSP00000370882,835,OCIAD1,0.7126661539077759
715,9606.ENSP00000326759,706,LRIG3,0.7109291553497314
716,9606.ENSP00000466880,458,FUT5,0.7098127603530884
717,9606.ENSP00000366267,485,GPC5,0.7089468836784363
718,9606.ENSP00000431813,278,CSRP3,0.7071694731712341
719,9606.ENSP00000296754,383,ERAP1,0.7066444158554077
720,9606.ENSP00000229307,794,NANOG,0.7026762366294861
721,9606.ENSP00000345672,289,CTSB,0.7010545134544373
722,9606.ENSP00000043402,990,RTN4R,0.7005362510681152
723,9606.ENSP00000371336,1151,TNNI2,0.6993117332458496
724,9606.ENSP00000383376,649,JAM2,0.6948809623718262
725,9606.ENSP00000314151,665,KLK3,0.691114604473114
726,9606.ENSP00000370966,270,CRYZL1,0.6899160742759705
727,9606.ENSP00000385142,822,NRXN1,0.6895322799682617
728,9606.ENSP00000286574,1194,WIF1,0.6893807649612427
729,9606.ENSP00000414287,783,MST1,0.6877454519271851
730,9606.ENSP00000353864,844,PAK3,0.6875043511390686
731,9606.ENSP00000366246,486,GPC6,0.6873810291290283
732,9606.ENSP00000215886,691,LGALS2,0.6865386962890625
733,9606.ENSP00000357655,171,CCN6,0.6859370470046997
734,9606.ENSP00000329967,1089,TBK1,0.6855147480964661
735,9606.ENSP00000269299,71,ASGR1,0.6848742365837097
736,9606.ENSP00000359077,681,L1CAM,0.6837430000305176
737,9606.ENSP00000482743,1161,TPSB2,0.6819730401039124
738,9606.ENSP00000413079,760,MICA,0.6806326508522034
739,9606.ENSP00000263413,114,C6,0.6775943636894226
740,9606.ENSP00000460236,1070,SPON1,0.6775586009025574
741,9606.ENSP00000299155,42,AMN,0.6748684048652649
742,9606.ENSP00000420384,285,CST7,0.6731585264205933
743,9606.ENSP00000370483,806,NLGN4X,0.672378420829773
744,9606.ENSP00000379964,1082,STK16,0.6714070439338684
745,9606.ENSP00000329033,1046,SLC25A18,0.6685993075370789
746,9606.ENSP00000447006,250,CNTN1,0.6679359674453735
747,9606.ENSP00000312262,494,GRK2,0.6664865612983704
748,9606.ENSP00000364249,894,PLA2G5,0.6660672426223755
749,9606.ENSP00000328983,233,CHST6,0.6653367280960083
750,9606.ENSP00000254898,745,MATN2,0.6648488640785217
751,9606.ENSP00000363680,343,EDA,0.6635946035385132
752,9606.ENSP00000262290,705,LPO,0.6632255911827087
753,9606.ENSP00000364257,893,PLA2G2E,0.6627280712127686
754,9606.ENSP00000350673,406,FAM3B,0.6619174480438232
755,9606.ENSP00000435637,253,CNTN5,0.6608208417892456
756,9606.ENSP00000249910,748,MBD4,0.6597213745117188
757,9606.ENSP00000340998,828,NTN4,0.6558805704116821
758,9606.ENSP00000304422,678,KREMEN2,0.6555774211883545
759,9606.ENSP00000064780,969,RELT,0.6544156074523926
760,9606.ENSP00000371661,687,LCORL,0.6509456634521484
761,9606.ENSP00000284885,1119,TMPRSS15,0.6481156945228577
762,9606.ENSP00000360269,1087,TACSTD2,0.6467140316963196
763,9606.ENSP00000419000,714,LSAMP,0.6457722187042236
764,9606.ENSP00000380602,252,CNTN4,0.644419252872467
765,9606.ENSP00000263125,926,PRKCQ,0.6416642069816589
766,9606.ENSP00000247933,556,IDUA,0.6397483348846436
767,9606.ENSP00000351682,246,CNDP1,0.6385536789894104
768,9606.ENSP00000287097,173,CD109,0.6346413493156433
769,9606.ENSP00000380856,456,FTCD,0.6340024471282959
770,9606.ENSP00000313681,1064,SPHK1,0.6331661343574524
771,9606.ENSP00000366283,1048,SLITRK5,0.6323139071464539
772,9606.ENSP00000419395,213,CDNF,0.6306659579277039
773,9606.ENSP00000325548,247,CNDP2,0.6299518942832947
774,9606.ENSP00000306390,936,PRSS27,0.6296922564506531
775,9606.ENSP00000355718,327,DLL1,0.6284328699111938
776,9606.ENSP00000379365,344,EDA2R,0.6280295848846436
777,9606.ENSP00000296522,535,HPGD,0.6259887218475342
778,9606.ENSP00000161006,935,PRSS22,0.6258625984191895
779,9606.ENSP00000435460,696,LGALS8,0.6178581118583679
780,9606.ENSP00000355402,644,ISLR2,0.6177504062652588
781,9606.ENSP00000261037,256,COL8A1,0.6165231466293335
782,9606.ENSP00000371693,1134,TNFRSF19,0.6165052652359009
783,9606.ENSP00000250351,662,KLK12,0.6158438920974731
784,9606.ENSP00000405388,118,CA10,0.614173948764801
785,9606.ENSP00000477639,792,NAGK,0.6120640635490417
786,9606.ENSP00000297261,1035,SHH,0.6119394898414612
787,9606.ENSP00000355237,204,CDC42BPB,0.6109939217567444
788,9606.ENSP00000221804,237,CLC,0.6097535490989685
789,9606.ENSP00000301244,1067,SPINT2,0.6090126633644104
790,9606.ENSP00000220616,1099,TG,0.6082313656806946
791,9606.ENSP00000354280,937,PRSS3,0.607284426689148
792,9606.ENSP00000263071,1000,SCARF1,0.6052471399307251
793,9606.ENSP00000485276,1001,SCARF2,0.6040742993354797
794,9606.ENSP00000332656,367,ENPP7,0.6004011631011963
795,9606.ENSP00000303634,709,LRP8,0.6003750562667847
796,9606.ENSP00000266581,41,AMIGO2,0.5971722602844238
797,9606.ENSP00000258443,345,EDAR,0.5952369570732117
798,9606.ENSP00000435466,659,KIRREL3,0.5947878360748291
799,9606.ENSP00000264914,68,ARSB,0.5942254662513733
800,9606.ENSP00000360250,368,ENTPD1,0.5941928029060364
801,9606.ENSP00000265016,106,BST1,0.5937524437904358
802,9606.ENSP00000425824,133,CAMK2D,0.5905784964561462
803,9606.ENSP00000384551,833,NXPH1,0.5903587937355042
804,9606.ENSP00000297258,403,FABP5,0.5876999497413635
805,9606.ENSP00000465500,1126,TNFRSF11A,0.5865375995635986
806,9606.ENSP00000378058,347,EFEMP1,0.5818130970001221
807,9606.ENSP00000421566,1198,XPNPEP1,0.5814210772514343
808,9606.ENSP00000260502,81,BCAR3,0.5802226066589355
809,9606.ENSP00000215754,762,MIF,0.5784429311752319
810,9606.ENSP00000225929,539,HSD17B1,0.5783819556236267
811,9606.ENSP00000295057,712,LRRTM1,0.5773290991783142
812,9606.ENSP00000375682,670,KLK8,0.5762011408805847
813,9606.ENSP00000496129,922,PRKCB,0.5739791989326477
814,9606.ENSP00000489551,823,NRXN3,0.5706584453582764
815,9606.ENSP00000349131,988,RSPO3,0.57047438621521
816,9606.ENSP00000274376,963,RASA1,0.5612203478813171
817,9606.ENSP00000339801,555,IDS,0.5609618425369263
818,9606.ENSP00000383894,746,MATN3,0.5595434904098511
819,9606.ENSP00000296861,1137,TNFRSF21,0.5560653209686279
820,9606.ENSP00000454071,688,LDLR,0.5548089742660522
821,9606.ENSP00000284981,62,APP,0.5537810325622559
822,9606.ENSP00000355187,713,LRRTM3,0.5530356168746948
823,9606.ENSP00000374135,708,LRP1B,0.5525994896888733
824,9606.ENSP00000333769,105,BSG,0.5488150119781494
825,9606.ENSP00000378897,70,ASAH2,0.5468851327896118
826,9606.ENSP00000289749,796,NBL1,0.5427142977714539
827,9606.ENSP00000417335,977,ROBO2,0.5411460995674133
828,9606.ENSP00000348461,958,RAC1,0.5392919778823853
829,9606.ENSP00000400908,787,MYBPC1,0.5353736877441406
830,9606.ENSP00000215832,731,MAPK1,0.5342640876770021
831,9606.ENSP00000383303,335,DSCAM,0.5255131125450134
832,9606.ENSP00000364765,683,LAYN,0.5254263877868652
833,9606.ENSP00000367891,695,LGALS7,0.5253548622131348
834,9606.ENSP00000221132,1123,TNFRSF10A,0.5224829316139221
835,9606.ENSP00000330862,839,OPCML,0.5224680304527283
836,9606.ENSP00000435289,843,PAFAH1B2,0.5216849446296692
837,9606.ENSP00000257192,336,DSG1,0.520368754863739
838,9606.ENSP00000331602,923,PRKCD,0.5185518860816956
839,9606.ENSP00000367608,125,CA9,0.5177688598632812
840,9606.ENSP00000469158,1065,SPHK2,0.5123114585876465
841,9606.ENSP00000328169,647,JAG2,0.5091086030006409
842,9606.ENSP00000287936,528,HMGCR,0.5066946148872375
843,9606.ENSP00000263431,924,PRKCG,0.5064840912818909
844,9606.ENSP00000289746,207,CDH15,0.5031607151031494
845,9606.ENSP00000304283,959,RAC3,0.5021613240242004
846,9606.ENSP00000233735,967,REG1A,0.4996455609798432
847,9606.ENSP00000346550,54,ANXA6,0.4984320104122162
848,9606.ENSP00000296474,784,MST1R,0.4883394837379456
849,9606.ENSP00000276431,1124,TNFRSF10B,0.4868902266025543
850,9606.ENSP00000263620,65,ARID3A,0.4820110499858856
851,9606.ENSP00000362608,888,PIM1,0.4814430177211762
852,9606.ENSP00000265986,554,IDE,0.4795637130737305
853,9606.ENSP00000370867,1106,TGM3,0.4784660637378693
854,9606.ENSP00000261769,205,CDH1,0.4759761393070221
855,9606.ENSP00000337733,667,KLK5,0.4753167927265167
856,9606.ENSP00000256460,129,CAMK1,0.4716473519802094
857,9606.ENSP00000481917,1027,SEZ6L2,0.471084326505661
858,9606.ENSP00000262428,260,COTL1,0.4694772362709045
859,9606.ENSP00000371689,206,CDH12,0.463405430316925
860,9606.ENSP00000366288,1047,SLITRK1,0.4631590843200684
861,9606.ENSP00000276659,987,RSPO2,0.4603673815727234
862,9606.ENSP00000350224,101,BMX,0.4578886330127716
863,9606.ENSP00000498939,311,CYP3A4,0.4575568735599518
864,9606.ENSP00000310263,1125,TNFRSF10D,0.4535199105739594
865,9606.ENSP00000470538,669,KLK7,0.4470071494579315
866,9606.ENSP00000298743,461,GAS1,0.44673988223075867
867,9606.ENSP00000347046,858,PDE5A,0.446162223815918
868,9606.ENSP00000422185,1060,SORCS2,0.4440687000751496
869,9606.ENSP00000216124,67,ARSA,0.442266047000885
870,9606.ENSP00000256509,229,CHL1,0.4410137236118317
871,9606.ENSP00000307132,283,CST5,0.4400365054607392
872,9606.ENSP00000305731,279,CST1,0.4304043650627136
873,9606.ENSP00000419970,906,POR,0.4265976846218109
874,9606.ENSP00000349437,569,IGF2R,0.4252894520759583
875,9606.ENSP00000478874,130,CAMK1D,0.4233333170413971
876,9606.ENSP00000264012,209,CDH3,0.4231986999511719
877,9606.ENSP00000227266,290,CTSC,0.4202895760536194
878,9606.ENSP00000217423,282,CST4,0.4194447994232178
879,9606.ENSP00000494125,1159,TPM4,0.4120658934116364
880,9606.ENSP00000371188,134,CAMKK1,0.4118053317070007
881,9606.ENSP00000256999,451,FOLH1,0.4111571907997131
882,9606.ENSP00000244333,724,LYPD3,0.40806844830513
883,9606.ENSP00000360266,652,JUN,0.4076268076896668
884,9606.ENSP00000221980,551,ICAM5,0.39600542187690735
885,9606.ENSP00000430690,1097,TFF3,0.3929714858531952
886,9606.ENSP00000229795,735,MAPK14,0.3910306692123413
887,9606.ENSP00000347626,832,NUDCD3,0.3904866874217987
888,9606.ENSP00000379098,132,CAMK2B,0.3879563808441162
889,9606.ENSP00000217260,989,RSPO4,0.3872417807579041
890,9606.ENSP00000225698,109,C1QBP,0.38653331995010376
891,9606.ENSP00000366654,123,CA6,0.3841685354709625
892,9606.ENSP00000303366,703,LMAN2,0.3839796781539917
893,9606.ENSP00000226004,337,DUSP3,0.3820565044879913
894,9606.ENSP00000477572,530,HMOX2,0.3787388503551483
895,9606.ENSP00000307540,280,CST2,0.3780698478221893
896,9606.ENSP00000291526,1096,TFF2,0.3767759501934052
897,9606.ENSP00000265071,211,CDH6,0.37580764293670654
898,9606.ENSP00000443824,1206,ZNRF3,0.3754036724567413
899,9606.ENSP00000496494,1158,TPM2,0.3752683401107788
900,9606.ENSP00000484390,312,DAPK2,0.37063971161842346
901,9606.ENSP00000292147,393,ETHE1,0.36867716908454895
902,9606.ENSP00000267953,83,BCL2A1,0.3676834404468536
903,9606.ENSP00000371420,489,GPNMB,0.3674301207065582
904,9606.ENSP00000362924,497,GSN,0.3637455403804779
905,9606.ENSP00000500386,131,CAMK2A,0.3620465099811554
906,9606.ENSP00000384296,9,ACY1,0.35841354727745056
907,9606.ENSP00000264170,680,KYNU,0.35712769627571106
908,9606.ENSP00000345259,371,EPB41,0.356859028339386
909,9606.ENSP00000393313,382,EPS15L1,0.3560028672218323
910,9606.ENSP00000318912,119,CA13,0.354866623878479
911,9606.ENSP00000270233,79,BCAM,0.3536161482334137
912,9606.ENSP00000264717,463,GCKR,0.35330885648727417
913,9606.ENSP00000345659,124,CA7,0.3505286276340485
914,9606.ENSP00000329869,1160,TPO,0.3469800651073456
915,9606.ENSP00000251775,1056,SNX4,0.34496042132377625
916,9606.ENSP00000246672,816,NR1D1,0.3422601521015167
917,9606.ENSP00000215659,733,MAPK12,0.3394029140472412
918,9606.ENSP00000351022,1157,TPM1,0.3393735289573669
919,9606.ENSP00000497444,710,LRPAP1,0.3360165059566498
920,9606.ENSP00000463069,976,RNF43,0.33532509207725525
921,9606.ENSP00000304226,523,HIPK3,0.3277592360973358
922,9606.ENSP00000349679,339,DYNLRB1,0.3272102773189545
923,9606.ENSP00000296511,53,ANXA5,0.3239667117595673
924,9606.ENSP00000346158,968,REG4,0.3195253014564514
925,9606.ENSP00000295797,925,PRKCI,0.31767651438713074
926,9606.ENSP00000367830,927,PRKCZ,0.3112929165363312
927,9606.ENSP00000273395,102,BOC,0.30942100286483765
928,9606.ENSP00000375892,36,AKT2,0.30703914165496826
929,9606.ENSP00000368884,983,RPS6KA3,0.306521475315094
930,9606.ENSP00000376458,214,CDON,0.30527615547180176
931,9606.ENSP00000254976,1053,SNAP25,0.2979899644851685
932,9606.ENSP00000356076,340,DYRK3,0.2966536581516266
933,9606.ENSP00000360635,331,DPP7,0.29413652420043945
934,9606.ENSP00000344220,868,PDPK1,0.2937994599342346
935,9606.ENSP00000455813,320,DDX19B,0.28826284408569336
936,9606.ENSP00000375069,255,COL23A1,0.2879561483860016
937,9606.ENSP00000285381,121,CA3,0.28772881627082825
938,9606.ENSP00000367686,845,PAK5,0.2860819697380066
939,9606.ENSP00000168216,540,HSD17B10,0.285645604133606
940,9606.ENSP00000181796,405,FAM107B,0.28549447655677795
941,9606.ENSP00000311313,284,CST6,0.283669114112854
942,9606.ENSP00000263867,135,CAPG,0.2797389626502991
943,9606.ENSP00000366047,668,KLK6,0.2797234654426575
944,9606.ENSP00000422176,139,CAST,0.2760925889015198
945,9606.ENSP00000259470,297,CTSV,0.2750709354877472
946,9606.ENSP00000231509,817,NR3C1,0.2725227177143097
947,9606.ENSP00000356602,1189,VTA1,0.2721344530582428
948,9606.ENSP00000346667,1195,WNK3,0.2658310234546661
949,9606.ENSP00000381185,82,BCL2,0.26579636335372925
950,9606.ENSP00000221459,702,LIN7B,0.26105859875679016
951,9606.ENSP00000300900,122,CA4,0.2562412917613983
952,9606.ENSP00000350911,292,CTSE,0.2557288110256195
953,9606.ENSP00000487444,1072,SPTAN1,0.2523714303970337
954,9606.ENSP00000356982,1175,UFC1,0.25180062651634216
955,9606.ENSP00000211287,734,MAPK13,0.24772192537784574
956,9606.ENSP00000291539,860,PDE9A,0.2440957576036453
957,9606.ENSP00000496832,643,ISG15,0.2434167712926865
958,9606.ENSP00000437955,521,HIF1A,0.2420840859413147
959,9606.ENSP00000345502,857,PDE4D,0.23825372755527496
960,9606.ENSP00000221476,236,CKM,0.23420022428035736
961,9606.ENSP00000417653,313,DBNL,0.2317805141210556
962,9606.ENSP00000285379,120,CA2,0.22597478330135345
963,9606.ENSP00000272067,5,ACP1,0.21991927921772006
964,9606.ENSP00000442460,951,PTK6,0.21952614188194275
965,9606.ENSP00000373489,679,KRT18,0.2177857905626297
966,9606.ENSP00000294973,508,HAAO,0.2168498188257217
967,9606.ENSP00000361423,1,ABL1,0.20669162273406985
968,9606.ENSP00000479667,984,RPS6KA5,0.20658792555332184
969,9606.ENSP00000258145,479,GNS,0.20557336509227755
970,9606.ENSP00000366109,51,ANXA1,0.2010072320699692
971,9606.ENSP00000279146,32,AIP,0.1994095593690872
972,9606.ENSP00000262948,728,MAP2K2,0.1979080140590668
973,9606.ENSP00000291527,1095,TFF1,0.19655151665210724
974,9606.ENSP00000405330,392,ESR1,0.19342410564422607
975,9606.ENSP00000217131,298,CTSZ,0.19338206946849826
976,9606.ENSP00000454341,66,ARPP19,0.19016702473163605
977,9606.ENSP00000263354,795,NAPA,0.1845476925373077
978,9606.ENSP00000349588,49,ANK2,0.1838802695274353
979,9606.ENSP00000356070,739,MAPKAPK2,0.1828139126300812
980,9606.ENSP00000286186,136,CASP10,0.1827329695224762
981,9606.ENSP00000483345,516,HDGFL2,0.17796921730041504
982,9606.ENSP00000396467,740,MAPKAPK3,0.17399050295352936
983,9606.ENSP00000278980,259,COMMD7,0.1696186065673828
984,9606.ENSP00000351957,856,PDE3A,0.16465988755226135
985,9606.ENSP00000418529,824,NSFL1C,0.1630496233701706
986,9606.ENSP00000410309,854,PDE1A,0.15677712857723236
987,9606.ENSP00000448387,104,BRF1,0.15625111758708954
988,9606.ENSP00000318822,90,BID,0.15115340054035187
989,9606.ENSP00000302100,694,LGALS4,0.14821667969226834
990,9606.ENSP00000286063,853,PDE11A,0.14788301289081573
991,9606.ENSP00000220166,295,CTSH,0.14731447398662567
992,9606.ENSP00000235835,35,AKR7A2,0.14617416262626648
993,9606.ENSP00000365230,84,BCL2L1,0.14518555998802185
994,9606.ENSP00000310832,293,CTSF,0.14218832552433014
995,9606.ENSP00000385632,859,PDE7A,0.14014947414398193
996,9606.ENSP00000334910,855,PDE2A,0.13566166162490845
997,9606.ENSP00000376911,698,LGMN,0.13541026413440704
998,9606.ENSP00000333685,732,MAPK11,0.13440459966659546
999,9606.ENSP00000383044,1182,USP25,0.13376723229885099
1000,9606.ENSP00000353408,781,MSN,0.13340996205806732
1001,9606.ENSP00000403644,317,DDC,0.13264054059982303
1002,9606.ENSP00000468424,809,NMT1,0.11977435648441315
1003,9606.ENSP00000258080,546,HTRA2,0.1168333813548088
1004,9606.ENSP00000222812,1084,STX1A,0.11601468920707705
1005,9606.ENSP00000430656,117,CA1,0.11091083288192748
1006,9606.ENSP00000378974,737,MAPK8,0.11075141280889512
1007,9606.ENSP00000265395,520,HIBADH,0.11064370721578598
1008,9606.ENSP00000317257,263,CPNE1,0.10251785069704056
1009,9606.ENSP00000234310,915,PPP3R1,0.10229209065437317
1010,9606.ENSP00000453858,846,PAK6,0.10047693550586699
1011,9606.ENSP00000449381,741,MAPKAPK5,0.09909089654684068
1012,9606.ENSP00000309591,920,PRKACA,0.09870961308479308
1013,9606.ENSP00000345083,729,MAP2K3,0.09732826054096222
1014,9606.ENSP00000302486,727,MAP2K1,0.09595675766468048
1015,9606.ENSP00000303584,789,N6AMT1,0.09567543119192123
1016,9606.ENSP00000311032,138,CASP3,0.09465951472520827
1017,9606.ENSP00000265713,653,KAT6A,0.0897015854716301
1018,9606.ENSP00000236671,291,CTSD,0.08937840908765793
1019,9606.ENSP00000357709,994,S100A6,0.08630678057670592
1020,9606.ENSP00000368970,1176,UFM1,0.07874671369791031
1021,9606.ENSP00000312664,137,CASP2,0.07291178405284883
1022,9606.ENSP00000372005,330,DNAJC19,0.0720551609992981
1023,9606.ENSP00000364929,638,ING1,0.07057592272758484
1024,9606.ENSP00000211122,498,GSTA3,0.06879807263612747
1025,9606.ENSP00000358022,750,MCL1,0.06838826090097427
1026,9606.ENSP00000338348,1170,UBE2G2,0.06696350872516632
1027,9606.ENSP00000301149,487,GPD1,0.06683315336704254
1028,9606.ENSP00000250405,85,BCL2L2,0.06585898250341415
1029,9606.ENSP00000499058,322,DIABLO,0.06527914106845856
1030,9606.ENSP00000361562,288,CTSA,0.06523929536342621
1031,9606.ENSP00000394560,738,MAPK9,0.06482847779989243
1032,9606.ENSP00000345848,50,ANP32B,0.06202951073646545
1033,9606.ENSP00000215904,870,PDXP,0.061012446880340576
1034,9606.ENSP00000357076,1088,TAGLN2,0.06075190752744675
1035,9606.ENSP00000291565,869,PDXK,0.059350557625293725
1036,9606.ENSP00000410402,730,MAP2K4,0.056778781116008765
1037,9606.ENSP00000391601,874,PEX5,0.05236921086907387
1038,9606.ENSP00000369538,469,GDI2,0.05149416998028755
1039,9606.ENSP00000355656,504,H2AW,0.05112585797905922
1040,9606.ENSP00000320866,128,CALR,0.05003135651350021
1041,9606.ENSP00000264108,511,HAT1,0.04981968179345131
1042,9606.ENSP00000376297,338,DYNLL1,0.049450326710939414
1043,9606.ENSP00000408910,315,DCTN2,0.048812728375196464
1044,9606.ENSP00000263464,91,BIRC3,0.04496525600552559
1045,9606.ENSP00000378040,78,BAD,0.038668442517519
1046,9606.ENSP00000497483,321,DHH,0.035763416439294815
1047,9606.ENSP00000359539,480,GOT1,0.03556481003761292
1048,9606.ENSP00000299198,235,CKB,0.03555373102426529
1049,9606.ENSP00000346032,52,ANXA2,0.03546454757452011
1050,9606.ENSP00000053867,495,GRN,0.03501742705702782
1051,9606.ENSP00000362674,515,HDAC8,0.0349244587123394
1052,9606.ENSP00000371554,1059,SOD3,0.033626798540353775
1053,9606.ENSP00000361021,946,PTEN,0.032769858837127686
1054,9606.ENSP00000262971,885,PIAS4,0.029356790706515312
1055,9606.ENSP00000367276,234,CKAP2,0.022614462301135063
1056,9606.ENSP00000367992,390,ESD,0.02234565280377865
1057,9606.ENSP00000361140,34,AKR1A1,0.021848604083061215
1058,9606.ENSP00000221566,1031,SGTA,0.021087804809212685
1059,9606.ENSP00000364935,242,CLIC1,0.02046544849872589
1060,9606.ENSP00000400906,1172,UBE2L3,0.02021059952676296
1061,9606.ENSP00000284440,1174,UCHL1,0.018180344253778458
1062,9606.ENSP00000360688,1164,TXNDC12,0.01805778779089451
1063,9606.ENSP00000217169,93,BIRC7,0.016999876126646996
1064,9606.ENSP00000376352,867,PDK1,0.013931270688772202
1065,9606.ENSP00000261735,388,ERP29,0.01262974739074707
1066,9606.ENSP00000246868,998,SBDS,0.012450315989553928
1067,9606.ENSP00000379078,357,EHMT2,0.010895183309912682
1068,9606.ENSP00000377245,655,KEAP1,0.010141798295080662
1069,9606.ENSP00000335246,370,ENTPD5,0.009252045303583143
1070,9606.ENSP00000409666,1085,SUMO3,0.008602142333984375
1071,9606.ENSP00000222005,203,CDC37,0.008595556952059269
1072,9606.ENSP00000228872,212,CDKN1B,0.008588327094912529
1073,9606.ENSP00000372155,943,PSME1,0.008223310112953186
1074,9606.ENSP00000209875,141,CBX5,0.0075935088098049155
1075,9606.ENSP00000301825,369,ENTPD3,0.006974886171519756
1076,9606.ENSP00000485525,22,ADSL,0.0065823718905448905
1077,9606.ENSP00000381607,499,GSTP1,0.0065509346313774594
1078,9606.ENSP00000494664,525,HK1,0.006314409431070089
1079,9606.ENSP00000290573,526,HK2,0.006147535983473063
1080,9606.ENSP00000322524,316,DCTPP1,0.005746057257056236
1081,9606.ENSP00000307786,310,CYCS,0.005573493894189596
1082,9606.ENSP00000380903,978,ROBO3,0.005427005235105753
1083,9606.ENSP00000346725,873,PES1,0.005217175465077162
1084,9606.ENSP00000345096,636,IMPDH1,0.005107042845338583
1085,9606.ENSP00000241052,140,CAT,0.004834874067455529
1086,9606.ENSP00000437402,366,ENO2,0.0046490603126585475
1087,9606.ENSP00000361777,1026,SET,0.0044589038006961354
1088,9606.ENSP00000432660,222,CFL1,0.004280400462448597
1089,9606.ENSP00000225174,914,PPIF,0.004000680521130562
1090,9606.ENSP00000478887,788,MYC,0.003920184448361397
1091,9606.ENSP00000300026,911,PPIB,0.003439922584220767
1092,9606.ENSP00000230354,1090,TBP,0.003128301352262497
1093,9606.ENSP00000249396,1042,SIRT2,0.002882959553971886
1094,9606.ENSP00000267163,964,RB1,0.0028727944009006023
1095,9606.ENSP00000303754,912,PPID,0.002471902407705784
1096,9606.ENSP00000278412,1074,SSRP1,0.002306497422978282
1097,9606.ENSP00000340820,742,MAPT,0.002183732111006975
1098,9606.ENSP00000261366,704,LMNB1,0.0021564101334661245
1099,9606.ENSP00000361918,913,PPIE,0.0021506422199308872
1100,9606.ENSP00000391490,26,AGR2,0.001980546861886978
1101,9606.ENSP00000500990,1054,SNCA,0.0019511138089001177
1102,9606.ENSP00000340989,1028,SFN,0.0019371694652363656
1103,9606.ENSP00000313350,975,RNASEH1,0.0017330229748040438
1104,9606.ENSP00000296411,756,METAP1,0.0016555222682654858
1105,9606.ENSP00000258149,752,MDM2,0.0016464132349938154
1106,9606.ENSP00000217244,277,CSNK2A1,0.001505281194113195
1107,9606.ENSP00000360124,882,PGM1,0.0014821161748841405
1108,9606.ENSP00000425031,532,HNRNPAB,0.0014641310553997755
1109,9606.ENSP00000380070,460,GAPDH,0.0014382066437974572
1110,9606.ENSP00000446252,1058,SOD2,0.0013875701697543266
1111,9606.ENSP00000293362,944,PSME3,0.0013566027628257869
1112,9606.ENSP00000364802,542,HSPA1A,0.0012174497824162245
1113,9606.ENSP00000304229,522,HINT1,0.001074685947969556
1114,9606.ENSP00000265462,918,PRDX5,0.0010677714599296448
1115,9606.ENSP00000372023,225,CHEK2,0.0010333901736885311
1116,9606.ENSP00000327801,841,P4HB,0.0010244478471577168
1117,9606.ENSP00000433664,359,EIF4G2,0.0009987542871385813
1118,9606.ENSP00000254322,329,DNAJB1,0.0009570897091180086
1119,9606.ENSP00000219548,1083,STUB1,0.0008564586169086398
1120,9606.ENSP00000261313,871,PEBP1,0.0008507298189215362
1121,9606.ENSP00000248553,544,HSPB1,0.0008252732222899795
1122,9606.ENSP00000371267,1203,YWHAQ,0.0008199837175197898
1123,9606.ENSP00000270776,878,PGD,0.0008099492406472564
1124,9606.ENSP00000441543,1169,UBC,0.0007398637826554477
1125,9606.ENSP00000219313,942,PSMD7,0.0007283002487383782
1126,9606.ENSP00000361930,1201,YWHAB,0.0007242668652907014
1127,9606.ENSP00000352252,507,H3C12,0.0006980108446441591
1128,9606.ENSP00000269305,1155,TP53,0.0006640485371463001
1129,9606.ENSP00000300289,866,PDIA3,0.000649628520477563
1130,9606.ENSP00000325312,757,METAP2,0.0006490925443358718
1131,9606.ENSP00000231487,1043,SKP1,0.0006252260063774884
1132,9606.ENSP00000339566,503,H1-2,0.0006133702117949723
1133,9606.ENSP00000223836,33,AK1,0.0006121557671576737
1134,9606.ENSP00000378191,31,AIMP1,0.0006078055594116449
1135,9606.ENSP00000301633,92,BIRC5,0.0005698075983673334
1136,9606.ENSP00000478771,1168,UBB,0.0005688851815648378
1137,9606.ENSP00000354522,1154,TOP1,0.0005174726829864085
1138,9606.ENSP00000448035,791,NACA,0.0004999458906240761
1139,9606.ENSP00000496166,39,ALDOA,0.00048153821262530977
1140,9606.ENSP00000260363,656,KIF23,0.00040471312240697443
1141,9606.ENSP00000468425,1115,TK1,0.00039110166835598653
1142,9606.ENSP00000256442,172,CCNB1,0.0003848759515676648
1143,9606.ENSP00000264335,1202,YWHAE,0.0003700465604197234
1144,9606.ENSP00000391090,224,CHEK1,0.00029443425592035055
1145,9606.ENSP00000358151,506,H2BC21,0.0002875369682442397
1146,9606.ENSP00000348056,1171,UBE2I,0.00027769108419306576
1147,9606.ENSP00000300651,753,MED1,0.00027581292670220137
1148,9606.ENSP00000316176,1173,UBE2N,0.000258584157563746
1149,9606.ENSP00000379287,1204,YWHAZ,0.00024225407105404884
1150,9606.ENSP00000352257,1199,XRCC6,0.00023512147890869525
1151,9606.ENSP00000300093,901,PLK1,0.0002279502368764952
1152,9606.ENSP00000266735,1055,SNRPF,0.00022320066636893896
1153,9606.ENSP00000359991,877,PGAM1,0.00022314451052807271
1154,9606.ENSP00000477781,1162,TPT1,0.00021463053417392075
1155,9606.ENSP00000405573,488,GPI,0.0002138553390977904
1156,9606.ENSP00000340019,545,HSPD1,0.0001982868416234851
1157,9606.ENSP00000298910,711,LRRK2,0.00017884864064399153
1158,9606.ENSP00000360939,245,CMPK1,0.00017461040988564489
1159,9606.ENSP00000321584,637,IMPDH2,0.00016861656331457198
1160,9606.ENSP00000216554,361,EIF5,0.0001663190923864022
1161,9606.ENSP00000391481,1116,TKT,0.00015836945385672152
1162,9606.ENSP00000296417,505,H2AZ1,0.00015171225822996348
1163,9606.ENSP00000370125,529,HMGN1,0.00013422111805994064
1164,9606.ENSP00000253363,965,RBM39,0.00013059907360002398
1165,9606.ENSP00000315644,1166,TYMS,0.0001267672487301752
1166,9606.ENSP00000438483,675,KPNA2,0.0001250056957360357
1167,9606.ENSP00000216911,74,AURKA,0.00011974463996011765
1168,9606.ENSP00000368458,849,PCNA,0.00011312041169730945
1169,9606.ENSP00000419425,910,PPIA,0.000102822006738279
1170,9606.ENSP00000272317,980,RPS27A,9.551842231303452e-05
1171,9606.ENSP00000270142,1057,SOD1,9.424020390724765e-05
1172,9606.ENSP00000351646,1081,STIP1,8.381249790545553e-05
1173,9606.ENSP00000362329,908,PPA1,8.299475302919745e-05
1174,9606.ENSP00000493712,960,RAD51,8.230026287492365e-05
1175,9606.ENSP00000313950,75,AURKB,7.949944119900465e-05
1176,9606.ENSP00000290299,73,ATP5PO,5.820284059154801e-05
1177,9606.ENSP00000262746,917,PRDX1,5.476813021232374e-05
1178,9606.ENSP00000497641,358,EIF4A3,4.6629553253296756e-05
1179,9606.ENSP00000265753,360,EIF4H,4.387021181173623e-05
1180,9606.ENSP00000447942,876,PFDN5,4.0688755689188845e-05
1181,9606.ENSP00000342026,919,PRDX6,3.8099035009508946e-05
1182,9606.ENSP00000223321,940,PSMA2,3.428208583500236e-05
1183,9606.ENSP00000414359,939,PSMA1,3.2051848393166445e-05
1184,9606.ENSP00000362413,880,PGK1,3.1446114007849246e-05
1185,9606.ENSP00000320171,889,PKM,2.696444244065788e-05
1186,9606.ENSP00000358635,1086,SYNCRIP,2.63917518168455e-05
1187,9606.ENSP00000261479,941,PSMA6,2.630480776133481e-05
1188,9606.ENSP00000337060,807,NME1,2.4332197426701896e-05
1189,9606.ENSP00000346694,531,HNRNPA2B1,2.2593485482502732e-05
1190,9606.ENSP00000340278,848,PARK7,2.2038191673345864e-05
1191,9606.ENSP00000290158,676,KPNB1,1.8863849618355747e-05
1192,9606.ENSP00000495273,985,RPS7,1.483954383729724e-05
1193,9606.ENSP00000495530,365,ENO1,1.0483401638339274e-05
1194,9606.ENSP00000360609,541,HSP90AB1,9.849538400885647e-06
1195,9606.ENSP00000302886,842,PA2G4,8.842576789902521e-06
1196,9606.ENSP00000262030,72,ATP5F1B,8.759083357290365e-06
1197,9606.ENSP00000365458,533,HNRNPK,8.701054866833148e-06
1198,9606.ENSP00000376886,808,NME2,5.354348559194477e-06
1199,9606.ENSP00000336702,362,EIF5A,4.6046520765230525e-06
1200,9606.ENSP00000229270,1156,TPI1,2.68132475866878e-06
1201,9606.ENSP00000446215,961,RAN,2.520866473787464e-06
1202,9606.ENSP00000376055,346,EEF1B2,1.8464678532836842e-06
1203,9606.ENSP00000346050,982,RPS3A,1.3330293313629229e-06
1204,9606.ENSP00000437125,543,HSPA8,1.0241758445772577e-06
1205,9606.ENSP00000278572,981,RPS3,3.426426076202916e-07
1206,9606.ENSP00000389351,986,RPSA,2.980438296162901e-07
